"name","technology","fuel","nameplate_capacity_mw","status","planning_status","country","admin_division_level_1","date_commercial_operation","date_end_operation","geom_point","latitude","longitude","geom_area","website","note","pv_module_oem","pv_module_model","pv_module_type","pv_module_rating_w","pv_module_qty","inverter_oem","inverter_model","inverter_type","inverter_rating_w","inverter_qty","array_structure_oem","array_structure_model","array_structure_type"
Acacia SF (Lambruk Solar Project),Solar PV - Single axis tracking,Solar - Solar,300.0,Development,,Australia,New South Wales,2027-01-03,,,,,,,,,{},{},{},,{},{},{},{},{},{},{},{}
Adelaide Airport,Solar PV - Fixed,Solar - Solar,1.17,Operational,,Australia,South Australia,,,,,,,,,{},{},{},{},,{},{},{},{},{},{},{},{}
Adelaide Desalination Plant - Solar PV1,Solar PV - Fixed,Solar - Solar,11.0,Operational,,Australia,South Australia,2022-01-05,,POINT (138.48384 -35.09984),-35.09984,138.48384,,,TODO Check nameplate,{},{},{},{},,{},{},{},{},{},{},{},{}
Adelaide Desalination Plant - Solar PV2,Solar PV - Fixed,Solar - Solar,13.72,Operational,,Australia,South Australia,2022-01-07,,POINT (138.48384 -35.09984),-35.09984,138.48384,,,TODO Check nameplate,{},{},{},{},,{},{},{},{},{},{},{},{}
Adelaide Zoo Solar System,Solar PV - Fixed,Solar - Solar,0.15,Operational,,Australia,South Australia,,,,,,,,,{},{},{},{},,{},{},{},{},{},{},{},{}
Aeroten Leongatha Solar,Solar PV - Fixed,Solar - Solar,0.2,Operational,,Australia,Victoria,,,,,,,,,{},{},{},{},,{},{},{},{},{},{},{},{}
Aldi Brendale,Solar PV - Fixed,Solar - Solar,0.93,Operational,,Australia,Queensland,,,,,,,,,{},{},{},{},,{},{},{},{},{},{},{},{}
Aldoga Solar Farm,Solar PV - Single axis tracking,Solar - Solar,214.5,Development,,Australia,Queensland,,,POINT (151.038643 -23.80474107),-23.80474107,151.038643,,,,{},{},{},{},,{},{},{},{},{},{},{},{}
Aramara Solar Farm,Solar PV - Single axis tracking,Solar - Solar,101.4,Development,,Australia,Queensland,2026-01-06,,,,,,,,{},{},{},{},,{},{},{},{},{},{},{},{}
Argyle Solar Farm,Solar PV - Single axis tracking,Solar - Solar,59.8,Development,,Australia,New South Wales,,,,,,,,,{},{},{},{},,{},{},{},{},{},{},{},{}
AusNet Services Deakin University Victoria Geelong PV Plant,Solar PV - Single axis tracking,Solar - Solar,7.25,Development,,Australia,Victoria,,,,,,,,,{},{},{},{},,{},{},{},{},{},{},{},{}
Australia Plains Solar Farm,Solar PV - Single axis tracking,Solar - Solar,200.0,Development,,Australia,South Australia,,,,,,,,,{},{},{},{},,{},{},{},{},{},{},{},{}
Avonlie Solar Farm,Solar PV - Single axis tracking,Solar - Solar,254.1,Operational,,Australia,New South Wales,2023-01-11,,,,,,,,{},{},{},{},,{},{},{},{},{},{},{},{}
Axedale Solar Farm,Solar PV - Single axis tracking,Solar - Solar,140.0,Development,,Australia,Victoria,,,,,,,,,{},{},{},{},,{},{},{},{},{},{},{},{}
Bakers Maison,Solar PV - Fixed,Solar - Solar,0.23,Operational,,Australia,New South Wales,,,,,,,,,{},{},{},{},,{},{},{},{},{},{},{},{}
Baking Board Battery Storage,Storage - Battery,Solar - Solar,400.0,Development,,Australia,Queensland,,,POINT (152.57545 -25.32239),-25.32239,152.57545,,,,{},{},{},{},,{},{},{},{},{},{},{},{}
Baking Board Solar Farm,Solar PV - Fixed,Solar - Solar,250.0,Development,,Australia,Queensland,,,POINT (150.5537166 -26.72121842),-26.72121842,150.5537166,,,,{},{},{},{},,{},{},{},{},{},{},{},{}
Baking Board Solar Farm (MMT),Solar PV - Fixed,Solar - Solar,300.0,Development,,Australia,Queensland,,,,,,,,,{},{},{},{},,{},{},{},{},{},{},{},{}
Baking Board Solar Farm Chinchilla,Solar PV - Single axis tracking,Solar - Solar,14.7,Operational,,Australia,Queensland,2018-01-09,,,,,,,,{},{},{},{},,{},{},{},{},{},{},{},{}
Banksia Solar Farm,Solar PV - Single axis tracking,Solar - Solar,60.0,Development,,Australia,Queensland,2025-01-09,,POINT (152.368025 -25.242041),-25.242041,152.368025,,,,{},{},{},{},,{},{},{},{},{},{},{},{}
Bannerton Solar Park,Solar PV - Single axis tracking,Solar - Solar,100.0,Operational,,Australia,Victoria,2019-01-06,,POINT (142.74523209 -34.6898979),-34.6898979,142.7452321,,,,{},{},{},{},,{},{},{},{},{},{},{},{}
Barcaldine Remote Community Solar Farm,Solar PV - Single axis tracking,Solar - Solar,20.0,Operational,,Australia,Queensland,2017-05-20,,POINT (145.319009 -23.547418),-23.547418,145.319009,"MULTIPOLYGON (((145.31519664131153 -23.542344773828844, 145.32320397686 -23.543217274703537, 145.3218525866065 -23.553647455923695, 145.31583634580446 -23.553261128255542, 145.31619476462703 -23.549597693766426, 145.31428087559556 -23.549381641749815, 145.31519664131153 -23.542344773828844)))",https://diamondenergy.com.au/barcaldine/,"Source:
Arena Report
https://esdnews.com.au/sun-always-shines-barcy/
https://catcon.com.au/projects/power/renewables/solar/barcaldine-solar-farm/","{""JA Solar""}","{""JAP6 72-315/3BB""}",{},{315.0},79000,"{""Power Electronics""}",{FS2110CH_420V},{},{2110000.0},{10},{NEXTracker},{},"{""Single Axis Tracker 1P""}"
Barwon Solar Farm & BESS - Solar,Solar PV - Fixed,Solar - Solar,250.0,Development,,Australia,New South Wales,,,,,,,,,{},{},{},{},,{},{},{},{},{},{},{},{}
Bayswood Timber Hallam VIC,Solar PV - Fixed,Solar - Solar,0.15,Operational,,Australia,Victoria,,,,,,,,,{},{},{},{},,{},{},{},{},{},{},{},{}
Beaconhills College Berwick,Solar PV - Fixed,Solar - Solar,0.2,Operational,,Australia,Victoria,,,,,,,,,{},{},{},{},,{},{},{},{},{},{},{},{}
Beelbee Solar Farm,Solar PV - Single axis tracking,Solar - Solar,200.0,Development,,Australia,Queensland,,,,,,,,,{},{},{},{},,{},{},{},{},{},{},{},{}
Ben Bullen Solar Farm,Solar PV - Fixed,Solar - Solar,20.0,Development,,Australia,New South Wales,,,,,,,,,{},{},{},{},,{},{},{},{},{},{},{},{}
Bendemeer Renewable Energy Hub - Solar,Solar PV - Fixed,Solar - Solar,218.0,Development,,Australia,New South Wales,,,,,,,,,{},{},{},{},,{},{},{},{},{},{},{},{}
Beryl Solar Farm,Solar PV - Single axis tracking,Solar - Solar,98.4,Operational,,Australia,New South Wales,2019-01-05,,POINT (149.471642 -32.357514),-32.357514,149.471642,,,,{},{},{},{},,{},{},{},{},{},{},{},{}
Birkins Solar Farm - Solar,Solar PV - Single axis tracking,Solar - Solar,399.0,Development,,Australia,Victoria,,,,,,,,,{},{},{},{},,{},{},{},{},{},{},{},{}
Blackwater Hybrid System - Solar,Solar PV - Single axis tracking,Solar - Solar,169.99,Development,,Australia,Queensland,2027-01-08,,,,,,,,{},{},{},{},,{},{},{},{},{},{},{},{}
Blair Athol Solar Power Station,Solar PV - Fixed,Solar - Solar,60.0,Development,,Australia,Queensland,,,POINT (149.246134 -22.629039),-22.629039,149.246134,,,,{},{},{},{},,{},{},{},{},{},{},{},{}
Blenheim BESS,Storage - Battery,Solar - Solar,29.25,Development,,Australia,Queensland,,,,,,,,,{},{},{},{},,{},{},{},{},{},{},{},{}
Blenheim Solar Farm,Solar PV - Fixed,Solar - Solar,106.0,Development,,Australia,Queensland,,,,,,,,,{},{},{},{},,{},{},{},{},{},{},{},{}
Blind Creek Solar Farm - Solar,Solar PV - Single axis tracking,Solar - Solar,390.6,Development,,Australia,New South Wales,,,,,,,,,{},{},{},{},,{},{},{},{},{},{},{},{}
Bluegrass Solar Farm,Solar PV - Single axis tracking,Solar - Solar,148.0,Operational,,Australia,Queensland,2023-01-06,,POINT (150.506 -26.68306),-26.68306,150.506,,,,{},{},{},{},,{},{},{},{},{},{},{},{}
Boggabri solar and storage project ,Storage - Battery,Solar - Solar,9.8,Development,,Australia,New South Wales,,,,,,,,,{},{},{},{},,{},{},{},{},{},{},{},{}
Bolivar Waste Water Treatment - Solar,Solar PV - Fixed,Solar - Solar,11.25,Operational,,Australia,South Australia,2022-01-10,,POINT (138.584148 -34.771581),-34.771581,138.584148,,,,{},{},{},{},,{},{},{},{},{},{},{},{}
Boma Solar Farm,Solar PV - Single axis tracking,Solar - Solar,15.0,Development,,Australia,Queensland,,,,,,,,,{},{},{},{},,{},{},{},{},{},{},{},{}
Bomen Solar Farm,Solar PV - Single axis tracking,Solar - Solar,121.0,Operational,,Australia,New South Wales,2020-01-11,,POINT (147.44424 -35.04972),-35.04972,147.44424,,,,{},{},{},{},,{},{},{},{},{},{},{},{}
Bonshaw Solar Farm,Solar PV - Single axis tracking,Solar - Solar,200.0,Development,,Australia,New South Wales,2025-01-06,,,,,,,,{},{},{},{},,{},{},{},{},{},{},{},{}
Bookaar Solar Farm,Solar PV - Fixed,Solar - Solar,290.0,Development,,Australia,Victoria,,,,,,,,,{},{},{},{},,{},{},{},{},{},{},{},{}
Bouldercombe Solar Farm,Solar PV - Fixed,Solar - Solar,200.0,Development,,Australia,Queensland,,,POINT (150.4801995 -23.52720538),-23.52720538,150.4801995,,,,{},{},{},{},,{},{},{},{},{},{},{},{}
Brewongle Solar Farm,Solar PV - Fixed,Solar - Solar,,Development,,Australia,New South Wales,,,,,,,,,{},{},{},{},,{},{},{},{},{},{},{},{}
Bridgewater,Solar PV - Fixed,Solar - Solar,1.3,Operational,,Australia,Victoria,,,,,,,,,{},{},{},{},,{},{},{},{},{},{},{},{}
Bridle Track Solar Project,Solar PV - Single axis tracking,Solar - Solar,300.0,Development,,Australia,South Australia,,,,,,,,,{},{},{},{},,{},{},{},{},{},{},{},{}
Broadlea Solar Farm,Solar PV - Single axis tracking,Solar - Solar,90.0,Development,,Australia,Queensland,,,POINT (148.2892025 -21.88460185),-21.88460185,148.2892025,,,,{},{},{},{},,{},{},{},{},{},{},{},{}
Broadsound Solar Farm,Solar PV - Single axis tracking,Solar - Solar,368.0,Development,,Australia,Queensland,,,,,,,,,{},{},{},{},,{},{},{},{},{},{},{},{}
Brocklehurst Solar Farm,Solar PV - Fixed,Solar - Solar,29.0,Development,,Australia,New South Wales,,,,,,,,,{},{},{},{},,{},{},{},{},{},{},{},{}
Broken Hill Solar Plant,Solar PV - Fixed,Solar - Solar,53.0,Operational,,Australia,New South Wales,,,POINT (141.39154551 -31.98670743),-31.98670743,141.3915455,,,,{},{},{},{},,{},{},{},{},{},{},{},{}
Bulli Creek Solar Farm (Trina),Solar PV - Fixed,Solar - Solar,450.0,Development,,Australia,Queensland,,,,,,,,,{},{},{},{},,{},{},{},{},{},{},{},{}
Bulli Creek Solar Farm 1,Solar PV - Single axis tracking,Solar - Solar,675.0,Development,,Australia,Queensland,,,POINT (150.8778832 -28.02108918),-28.02108918,150.8778832,,,,{},{},{},{},,{},{},{},{},{},{},{},{}
Bulli Creek Solar Farm 2,Solar PV - Single axis tracking,Solar - Solar,1025.0,Development,,Australia,Queensland,,,POINT (150.8778832 -28.02108918),-28.02108918,150.8778832,,,,{},{},{},{},,{},{},{},{},{},{},{},{}
Bullyard Solar Farm,Solar PV - Single axis tracking,Solar - Solar,97.0,Development,,Australia,Queensland,,,POINT (152.0800028 -24.9392444),-24.9392444,152.0800028,,,,{},{},{},{},,{},{},{},{},{},{},{},{}
Bundaberg Solar Farm,Solar PV - Single axis tracking,Solar - Solar,78.0,Development,,Australia,Queensland,2024-01-12,,POINT (152.013456 -24.93756324),-24.93756324,152.013456,,,,{},{},{},{},,{},{},{},{},{},{},{},{}
Bungala One Solar Farm,Solar PV - Single axis tracking,Solar - Solar,135.0,Operational,,Australia,South Australia,2018-01-12,,POINT (137.841959 -32.423772),-32.423772,137.841959,,,,{},{},{},{},,{},{},{},{},{},{},{},{}
Bungala Three Battery Energy Storage System,Storage - Battery,Solar - Solar,300.0,Development,,Australia,South Australia,,,,,,,,,{},{},{},{},,{},{},{},{},{},{},{},{}
Bungala Three Solar Power Plant,Solar PV - Single axis tracking,Solar - Solar,79.99,Development,,Australia,South Australia,,,,,,,,,{},{},{},{},,{},{},{},{},{},{},{},{}
Bungala Two Solar Farm,Solar PV - Single axis tracking,Solar - Solar,135.0,Operational,,Australia,South Australia,2021-01-09,,POINT (137.841392 -32.407733),-32.407733,137.841392,,,,{},{},{},{},,{},{},{},{},{},{},{},{}
Bungama Solar - Solar,Solar PV - Single axis tracking,Solar - Solar,280.02,Development,,Australia,South Australia,2027-01-12,,,,,,,,{},{},{},{},,{},{},{},{},{},{},{},{}
Bunurong 260 kW Solar PV Bangholme,Solar PV - Fixed,Solar - Solar,0.26,Operational,,Australia,Victoria,,,,,,,,,{},{},{},{},,{},{},{},{},{},{},{},{}
Burdekin Solar Farm,Solar PV - Single axis tracking,Solar - Solar,140.0,Development,,Australia,Queensland,2026-01-03,,,,,,,,{},{},{},{},,{},{},{},{},{},{},{},{}
Bushranger Hybrid Facility - Solar,Solar PV - Fixed,Solar - Solar,300.33,Development,,Australia,New South Wales,,,,,,,,,{},{},{},{},,{},{},{},{},{},{},{},{}
Callide Power Station Solar Farm,Solar PV - Fixed,Solar - Solar,200.0,Development,,Australia,Queensland,,,,,,,,,{},{},{},{},,{},{},{},{},{},{},{},{}
Calvale Solar Farm,Solar PV - Fixed,Solar - Solar,500.0,Development,,Australia,Queensland,,,,,,,,,{},{},{},{},,{},{},{},{},{},{},{},{}
Campbells Forest Solar Farm,Solar PV - Single axis tracking,Solar - Solar,205.0,Development,,Australia,Victoria,,,,,,,,,{},{},{},{},,{},{},{},{},{},{},{},{}
Capital East Solar Farm P1,Solar PV - Fixed,Solar - Solar,2.0,Operational,,Australia,New South Wales,,,POINT (149.5083 -35.2018),-35.2018,149.5083,,,,{},{},{},{},,{},{},{},{},{},{},{},{}
Carag Solar Farm,Solar PV - Fixed,Solar - Solar,16.0,Development,,Australia,New South Wales,2025-01-03,,,,,,,,{},{},{},{},,{},{},{},{},{},{},{},{}
Carisbrook Solar Farm,Solar PV - Single axis tracking,Solar - Solar,74.0,Development,,Australia,Victoria,2028-01-04,,,,,,,,{},{},{},{},,{},{},{},{},{},{},{},{}
Carwarp Solar Farm - Stage I,Solar PV - Single axis tracking,Solar - Solar,150.0,Development,,Australia,Victoria,,,,,,,,,{},{},{},{},,{},{},{},{},{},{},{},{}
Carwarp Solar Farm - Stage II,Solar PV - Single axis tracking,Solar - Solar,150.0,Development,,Australia,Victoria,,,,,,,,,{},{},{},{},,{},{},{},{},{},{},{},{}
Cedar Meats Solar Geelong,Solar PV - Fixed,Solar - Solar,0.2,Operational,,Australia,Victoria,,,,,,,,,{},{},{},{},,{},{},{},{},{},{},{},{}
Chances Plain Solar Farm,Solar PV - Single axis tracking,Solar - Solar,98.01,Development,,Australia,Queensland,,,POINT (149.8096537 -26.62018272),-26.62018272,149.8096537,,,,{},{},{},{},,{},{},{},{},{},{},{},{}
Childers Solar Farm,Solar PV - Single axis tracking,Solar - Solar,64.38,Operational,,Australia,Queensland,2019-01-06,,POINT (152.40503637 -25.29276553),-25.29276553,152.4050364,,,,{},{},{},{},,{},{},{},{},{},{},{},{}
Chillamurra,Solar PV - Fixed,Solar - Solar,4.77,Operational,,Australia,New South Wales,,,,,,,,,{},{},{},{},,{},{},{},{},{},{},{},{}
Chillamurra Solar Farm,Solar PV - Fixed,Solar - Solar,3.6,Operational,,Australia,Queensland,,,,,,,,,{},{},{},{},,{},{},{},{},{},{},{},{}
Chinchilla Solar Farm,Solar PV - Single axis tracking,Solar - Solar,113.16,Development,,Australia,Queensland,,,POINT (141.8590739 -12.6476517),-12.6476517,141.8590739,,,,{},{},{},{},,{},{},{},{},{},{},{},{}
Christies Beach Wastewater Treatment Plant - Solar,Solar PV - Single axis tracking,Solar - Solar,4.8,Operational,,Australia,South Australia,2022-01-10,,,,,,,,{},{},{},{},,{},{},{},{},{},{},{},{}
Churchill Abattoir,Solar PV - Fixed,Solar - Solar,0.91,Operational,,Australia,Queensland,,,,,,,,,{},{},{},{},,{},{},{},{},{},{},{},{}
Cimitiere Plains Solar Farm,Solar PV - Fixed,Solar - Solar,288.12,Development,,Australia,Tasmania,,,,,,,,,{},{},{},{},,{},{},{},{},{},{},{},{}
Clare Solar Farm,Solar PV - Single axis tracking,Solar - Solar,110.4,Operational,,Australia,Queensland,,,POINT (147.21054204 -19.83977039),-19.83977039,147.210542,,,,{},{},{},{},,{},{},{},{},{},{},{},{}
Clermont Solar Farm,Solar PV - Single axis tracking,Solar - Solar,92.5,Operational,,Australia,Queensland,2019-01-03,,POINT (147.58552341 -22.84464393),-22.84464393,147.5855234,,,,{},{},{},{},,{},{},{},{},{},{},{},{}
Cohuna Solar Farm,Solar PV - Single axis tracking,Solar - Solar,31.16,Operational,,Australia,Victoria,,,,,,,,,{},{},{},{},,{},{},{},{},{},{},{},{}
Coleambally Solar Farm,Solar PV - Single axis tracking,Solar - Solar,150.3,Operational,,Australia,New South Wales,,,POINT (145.95339659 -34.74343877),-34.74343877,145.9533966,,,,{},{},{},{},,{},{},{},{},{},{},{},{}
Collinsville PV,Solar PV - Fixed,Solar - Solar,42.5,Operational,,Australia,Queensland,2018-01-08,,POINT (147.810373 -20.546114),-20.546114,147.810373,,,,{},{},{},{},,{},{},{},{},{},{},{},{}
Columboola Solar Farm,Solar PV - Single axis tracking,Solar - Solar,217.25,Operational,,Australia,Queensland,2023-01-10,,,,,,,,{},{},{},{},,{},{},{},{},{},{},{},{}
Cooba Solar Farm,Solar PV - Single axis tracking,Solar - Solar,270.0,Development,,Australia,Victoria,2026-01-12,,,,,,,,{},{},{},{},,{},{},{},{},{},{},{},{}
Cooma Solar Farm,Solar PV - Single axis tracking,Solar - Solar,260.0,Development,,Australia,New South Wales,,,,,,,,,{},{},{},{},,{},{},{},{},{},{},{},{}
Cooma Solar Farm (ACEN),Solar PV - Fixed,Solar - Solar,100.0,Development,,Australia,New South Wales,,,POINT (145.4665232 -17.04705067),-17.04705067,145.4665232,,,,{},{},{},{},,{},{},{},{},{},{},{},{}
Cooma Solar Farm (Lightsource),Solar PV - Fixed,Solar - Solar,100.0,Development,,Australia,New South Wales,,,,,,,,,{},{},{},{},,{},{},{},{},{},{},{},{}
Corop Solar Farm,Solar PV - Fixed,Solar - Solar,400.0,Development,,Australia,Victoria,,,,,,,,,{},{},{},{},,{},{},{},{},{},{},{},{}
Corowa Solar Farm,Solar PV - Single axis tracking,Solar - Solar,36.01,Operational,,Australia,New South Wales,2021-01-09,,POINT (146.359651 -35.978802),-35.978802,146.359651,,,,{},{},{},{},,{},{},{},{},{},{},{},{}
Cross Roads Energy Solar Farm,Solar PV - Fixed,Solar - Solar,650.0,Development,,Australia,Queensland,,,,,,,,,{},{},{},{},,{},{},{},{},{},{},{},{}
Culcairn Solar Farm,Solar PV - Single axis tracking,Solar - Solar,,Development,,Australia,New South Wales,,,,,,,,,{},{},{},{},,{},{},{},{},{},{},{},{}
Cultana Solar Farm,Solar PV - Single axis tracking,Solar - Solar,357.45,Development,,Australia,South Australia,2026-01-07,,,,,,,,{},{},{},{},,{},{},{},{},{},{},{},{}
Dalby Solar Farm,Solar PV - Fixed,Solar - Solar,4.94,Development,,Australia,Queensland,,,,,,,,,{},{},{},{},,{},{},{},{},{},{},{},{}
Darling Downs Solar Farm,Solar PV - Fixed,Solar - Solar,121.0,Operational,,Australia,Queensland,,,POINT (150.881921 -27.112668),-27.112668,150.881921,,,,{},{},{},{},,{},{},{},{},{},{},{},{}
Darlington Point Solar Farm,Solar PV - Single axis tracking,Solar - Solar,274.97,Operational,,Australia,New South Wales,2021-01-04,,POINT (146.054976 -34.647597),-34.647597,146.054976,,,,{},{},{},{},,{},{},{},{},{},{},{},{}
Daroobalgie Solar Farm,Solar PV - Single axis tracking,Solar - Solar,,Development,,Australia,New South Wales,,,,,,,,,{},{},{},{},,{},{},{},{},{},{},{},{}
Daydream Solar Farm,Solar PV - Single axis tracking,Solar - Solar,167.75,Operational,,Australia,Queensland,,,POINT (147.77066064 -20.49473778),-20.49473778,147.7706606,,,,{},{},{},{},,{},{},{},{},{},{},{},{}
De Bortoli Wines,Solar PV - Fixed,Solar - Solar,0.23,Operational,,Australia,New South Wales,,,,,,,,,{},{},{},{},,{},{},{},{},{},{},{},{}
Derby Solar Farm,Solar PV - Single axis tracking,Solar - Solar,95.1,Development,,Australia,Victoria,2025-01-03,,,,,,,,{},{},{},{},,{},{},{},{},{},{},{},{}
DHL6 Solar Horsley Park,Solar PV - Fixed,Solar - Solar,0.1,Operational,,Australia,New South Wales,,,,,,,,,{},{},{},{},,{},{},{},{},{},{},{},{}
Dinawan Energy Hub - Solar,Solar PV - Single axis tracking,Solar - Solar,450.0,Development,,Australia,New South Wales,2028-01-09,,,,,,,,{},{},{},{},,{},{},{},{},{},{},{},{}
Dingo Solar Farm,Solar PV - Fixed,Solar - Solar,85.0,Development,,Australia,Queensland,,,POINT (149.3995471 -23.65110589),-23.65110589,149.3995471,,,,{},{},{},{},,{},{},{},{},{},{},{},{}
Drayton's Family Wines Solar,Solar PV - Fixed,Solar - Solar,0.2,Operational,,Australia,New South Wales,,,,,,,,,{},{},{},{},,{},{},{},{},{},{},{},{}
Dulacca Solar,Solar PV - Single axis tracking,Solar - Solar,96.99,Development,,Australia,Queensland,,,POINT (149.8587083 -26.62305983),-26.62305983,149.8587083,,,,{},{},{},{},,{},{},{},{},{},{},{},{}
Dumaresq Solar Farm,Solar PV - Single axis tracking,Solar - Solar,188.0,Development,,Australia,New South Wales,,,,,,,,,{},{},{},{},,{},{},{},{},{},{},{},{}
Dunblane Solar Farm,Solar PV - Fixed,Solar - Solar,7.2,Operational,,Australia,Queensland,2017-01-12,,,,,,,,{},{},{},{},,{},{},{},{},{},{},{},{}
Dunedoo Solar Farm,Solar PV - Single axis tracking,Solar - Solar,55.0,Development,,Australia,New South Wales,,,,,,,,,{},{},{},{},,{},{},{},{},{},{},{},{}
Dunmore Solar Farm,Solar PV - Fixed,Solar - Solar,100.0,Development,,Australia,Queensland,,,,,,,,,{},{},{},{},,{},{},{},{},{},{},{},{}
Dunmore Solar PV,Solar PV - Single axis tracking,Solar - Solar,400.0,Development,,Australia,Queensland,,,,,,,,,{},{},{},{},,{},{},{},{},{},{},{},{}
Dysart Solar Farm RED,Solar PV - Fixed,Solar - Solar,100.0,Development,,Australia,Queensland,,,POINT (145.3847598 -17.05059548),-17.05059548,145.3847598,,,,{},{},{},{},,{},{},{},{},{},{},{},{}
Edderton Hybrid Faciility - Solar,Solar PV - Fixed,Solar - Solar,350.28,Development,,Australia,New South Wales,,,,,,,,,{},{},{},{},,{},{},{},{},{},{},{},{}
Edenvale Solar Park,Solar PV - Single axis tracking,Solar - Solar,180.0,Operational,,Australia,Queensland,2024-01-03,,,,,,,,{},{},{},{},,{},{},{},{},{},{},{},{}
Elaine Solar Farm & BESS Hybrid,Solar PV - Fixed,Solar - Solar,125.0,Development,,Australia,Victoria,,,,,,,,,{},{},{},{},,{},{},{},{},{},{},{},{}
Emerald Solar Park,Solar PV - Single axis tracking,Solar - Solar,72.0,Operational,,Australia,Queensland,2019-01-02,,POINT (148.13471483 -23.5083648),-23.5083648,148.1347148,,,,{},{},{},{},,{},{},{},{},{},{},{},{}
Emu Downs Solar Farm,Solar PV - Single axis tracking,Solar - Solar,,Operational,,Australia,Western Australia,,,POINT (115.4162424 -30.4891741),,,,https://www.apa.com.au/our-services/other-energy-services/wind-and-solar-farms/emu-downs-solar-farm/,,{},{},{},{},,{},{},{},{},{},{},{},{}
Esperance Hybrid Power Station - Solar,Solar PV - Single axis tracking,Solar - Solar,4.0,Operational,,Australia,Western Australia,,,POINT (121.8377809 -33.7588564),,,,,,{},{},{},{},,{},{},{},{},{},{},{},{}
Eurimbula Solar Farm,Solar PV - Single axis tracking,Solar - Solar,,Development,,Australia,Queensland,,,,,,,,,{},{},{},{},,{},{},{},{},{},{},{},{}
Finley Solar Farm,Solar PV - Single axis tracking,Solar - Solar,162.36,Operational,,Australia,New South Wales,2019-01-11,,POINT (145.508523 -35.644788),-35.644788,145.508523,,,,{},{},{},{},,{},{},{},{},{},{},{},{}
Flavorite Marketing,Solar PV - Fixed,Solar - Solar,0.15,Operational,,Australia,Victoria,,,,,,,,,{},{},{},{},,{},{},{},{},{},{},{},{}
Forbes Solar Farm,Solar PV - Fixed,Solar - Solar,120.0,Development,,Australia,New South Wales,,,,,,,,,{},{},{},{},,{},{},{},{},{},{},{},{}
Forest Glen Solar Farm ,Solar PV - Single axis tracking,Solar - Solar,90.0,Development,,Australia,New South Wales,,,,,,,,,{},{},{},{},,{},{},{},{},{},{},{},{}
Fosterville SF and BESS - BESS,Storage - Battery,Solar - Solar,119.0,Development,,Australia,Victoria,,,,,,,,,{},{},{},{},,{},{},{},{},{},{},{},{}
Fosterville SF and BESS - Solar,Solar PV - Single axis tracking,Solar - Solar,80.5,Development,,Australia,Victoria,,,,,,,,,{},{},{},{},,{},{},{},{},{},{},{},{}
Fraser Coast Community Solar Farm,Solar PV - Fixed,Solar - Solar,0.4,Operational,,Australia,Queensland,,,,,,,,,{},{},{},{},,{},{},{},{},{},{},{},{}
Fraser Coast Solar Park,Solar PV - Single axis tracking,Solar - Solar,350.0,Development,,Australia,Queensland,,,,,,,,,{},{},{},{},,{},{},{},{},{},{},{},{}
Frasers Solar Farm,Solar PV - Single axis tracking,Solar - Solar,77.0,Development,,Australia,Victoria,2025-01-10,,,,,,,,{},{},{},{},,{},{},{},{},{},{},{},{}
Fulham Solar Farm - BESS,Storage - Battery,Solar - Solar,64.8,Development,,Australia,Victoria,,,,,,,,,{},{},{},{},,{},{},{},{},{},{},{},{}
Fulham Solar Farm - Solar,Solar PV - Single axis tracking,Solar - Solar,100.8,Development,,Australia,Victoria,,,,,,,,,{},{},{},{},,{},{},{},{},{},{},{},{}
Galore Hybrid Facility - Solar,Solar PV - Fixed,Solar - Solar,380.16,Development,,Australia,New South Wales,,,,,,,,,{},{},{},{},,{},{},{},{},{},{},{},{}
Gangarri Solar Farm,Solar PV - Single axis tracking,Solar - Solar,162.0,Operational,,Australia,Queensland,,,POINT (149.748705 -26.267891),-26.267891,149.748705,,,,{},{},{},{},,{},{},{},{},{},{},{},{}
Gannawarra Solar Farm,Solar PV - Single axis tracking,Solar - Solar,55.0,Operational,,Australia,Victoria,,,POINT (143.45531935 -35.67615395),-35.67615395,143.4553194,,,,{},{},{},{},,{},{},{},{},{},{},{},{}
Geranium Plains Solar and BESS - Solar,Solar PV - Single axis tracking,Solar - Solar,250.0,Development,,Australia,South Australia,,,,,,,,,{},{},{},{},,{},{},{},{},{},{},{},{}
Gidginbung,Solar PV - Fixed,Solar - Solar,15.0,Development,,Australia,New South Wales,,,,,,,,,{},{},{},{},,{},{},{},{},{},{},{},{}
Girgarre Solar Farm,Solar PV - Single axis tracking,Solar - Solar,93.48,Development,,Australia,Victoria,2024-01-12,,,,,,,,{},{},{},{},,{},{},{},{},{},{},{},{}
Glenellen Solar Farm,Solar PV - Fixed,Solar - Solar,200.0,Development,,Australia,New South Wales,,,,,,,,,{},{},{},{},,{},{},{},{},{},{},{},{}
Glenrowan Solar Farm,Solar PV - Single axis tracking,Solar - Solar,126.5,Development,,Australia,Victoria,2024-01-05,,,,,,,,{},{},{},{},,{},{},{},{},{},{},{},{}
Glenrowan West Solar Farm,Solar PV - Single axis tracking,Solar - Solar,132.0,Operational,,Australia,Victoria,2021-01-04,,POINT (146.13302 -36.49802),-36.49802,146.13302,,,,{},{},{},{},,{},{},{},{},{},{},{},{}
Goonumbla Solar Farm,Solar PV - Single axis tracking,Solar - Solar,69.75,Operational,,Australia,New South Wales,2021-01-11,,POINT (148.082759 -33.107259),-33.107259,148.082759,,,,{},{},{},{},,{},{},{},{},{},{},{},{}
Goorambat East Solar Farm,Solar PV - Single axis tracking,Solar - Solar,,Development,,Australia,Victoria,,,,,,,,,{},{},{},{},,{},{},{},{},{},{},{},{}
Goulburn River SF,Solar PV - Fixed,Solar - Solar,500.0,Development,,Australia,New South Wales,,,,,,,,,{},{},{},{},,{},{},{},{},{},{},{},{}
Gregadoo Solar Farm,Solar PV - Fixed,Solar - Solar,45.0,Development,,Australia,New South Wales,,,,,,,,,{},{},{},{},,{},{},{},{},{},{},{},{}
Griffith Solar Farm,Solar PV - Single axis tracking,Solar - Solar,30.0,Operational,,Australia,New South Wales,,,POINT (146.109415 -34.315532),-34.315532,146.109415,,,,{},{},{},{},,{},{},{},{},{},{},{},{}
Group Linen - Maryborough,Solar PV - Fixed,Solar - Solar,0.17,Development,,Australia,Queensland,2018-01-07,,,,,,,,{},{},{},{},,{},{},{},{},{},{},{},{}
Group Linen - Prince Charles,Solar PV - Fixed,Solar - Solar,0.33,Development,,Australia,Queensland,2018-01-11,,,,,,,,{},{},{},{},,{},{},{},{},{},{},{},{}
Gullen Range Solar Farm,Solar PV - Fixed,Solar - Solar,10.0,Operational,,Australia,New South Wales,,,POINT (149.45974332 -34.61491677),-34.61491677,149.4597433,,,,{},{},{},{},,{},{},{},{},{},{},{},{}
Gundary Solar Farm - Solar,Solar PV - Fixed,Solar - Solar,400.0,Development,,Australia,New South Wales,,,,,,,,,{},{},{},{},,{},{},{},{},{},{},{},{}
Gunnedah Solar Farm,Solar PV - Single axis tracking,Solar - Solar,110.0,Operational,,Australia,New South Wales,2021-01-10,,POINT (150.345351 -30.949586),-30.949586,150.345351,,,,{},{},{},{},,{},{},{},{},{},{},{},{}
Gunning Solar Farm (Canadian) - Solar,Solar PV - Fixed,Solar - Solar,,Development,,Australia,New South Wales,,,,,,,,,{},{},{},{},,{},{},{},{},{},{},{},{}
Gunsynd Solar Farm,Solar PV - Fixed,Solar - Solar,94.0,Development,,Australia,Queensland,2022-01-12,,POINT (150.3431601 -28.40940301),-28.40940301,150.3431601,,,,{},{},{},{},,{},{},{},{},{},{},{},{}
GV Community Energy,Solar PV - Fixed,Solar - Solar,12.0,Development,,Australia,Victoria,,,,,,,,,{},{},{},{},,{},{},{},{},{},{},{},{}
Hamilton Solar Farm,Solar PV - Single axis tracking,Solar - Solar,57.5,Operational,,Australia,Queensland,,,POINT (147.76707962 -20.50481938),-20.50481938,147.7670796,,,,{},{},{},{},,{},{},{},{},{},{},{},{}
Happy Valley Reservoir,Solar PV - Single axis tracking,Solar - Solar,8.34,Operational,,Australia,South Australia,2022-01-09,,,,,,,,{},{},{},{},,{},{},{},{},{},{},{},{}
Harlin Solar Farm - Solar,Solar PV - Single axis tracking,Solar - Solar,400.0,Development,,Australia,Queensland,,,,,,,,,{},{},{},{},,{},{},{},{},{},{},{},{}
Haughton Solar Farm Stage 1,Solar PV - Single axis tracking,Solar - Solar,132.6,Operational,,Australia,Queensland,2020-01-09,,POINT (147.04851 -19.7485),-19.7485,147.04851,,,,{},{},{},{},,{},{},{},{},{},{},{},{}
Hay Sun Farm,Solar PV - Single axis tracking,Solar - Solar,110.0,Development,,Australia,New South Wales,,,,,,,,,{},{},{},{},,{},{},{},{},{},{},{},{}
Hayman Solar Farm,Solar PV - Single axis tracking,Solar - Solar,57.75,Operational,,Australia,Queensland,,,POINT (147.74493351 -20.48766837),-20.48766837,147.7449335,,,,{},{},{},{},,{},{},{},{},{},{},{},{}
Hazelwood North Solar Farm,Solar PV - Fixed,Solar - Solar,480.0,Development,,Australia,Victoria,,,,,,,,,{},{},{},{},,{},{},{},{},{},{},{},{}
Hillston Sun Farm,Solar PV - Single axis tracking,Solar - Solar,110.0,Operational,,Australia,New South Wales,2022-01-07,,POINT (145.52427 -33.52372),-33.52372,145.52427,,,,{},{},{},{},,{},{},{},{},{},{},{},{}
Hopeland Solar Farm ,Solar PV - Fixed,Solar - Solar,2480.0,Development,,Australia,Queensland,,,,,,,,,{},{},{},{},,{},{},{},{},{},{},{},{}
Horsham Solar Farm,Solar PV - Single axis tracking,Solar - Solar,118.8,Development,,Australia,Victoria,,,,,,,,,{},{},{},{},,{},{},{},{},{},{},{},{}
Hughenden Sun Farm,Solar PV - Single axis tracking,Solar - Solar,20.97,Operational,,Australia,Queensland,2022-01-04,,POINT (144.186359 -20.854844),-20.854844,144.186359,,,,{},{},{},{},,{},{},{},{},{},{},{},{}
Ilford Green Energy Hub - Solar,Solar PV - Single axis tracking,Solar - Solar,333.64,Development,,Australia,New South Wales,2028-01-12,,,,,,,,{},{},{},{},,{},{},{},{},{},{},{},{}
Innes Park Solar Farm,Solar PV - Single axis tracking,Solar - Solar,24.0,Development,,Australia,Queensland,2026-01-07,,POINT (152.4542424 -24.88208631),-24.88208631,152.4542424,,,,{},{},{},{},,{},{},{},{},{},{},{},{}
Inverleigh Solar Farm,Solar PV - Fixed,Solar - Solar,22.0,Development,,Australia,Victoria,,,,,,,,,{},{},{},{},,{},{},{},{},{},{},{},{}
Jemalong Solar,Solar PV - Single axis tracking,Solar - Solar,55.0,Operational,,Australia,New South Wales,2021-01-12,,POINT (147.64525 -33.40747),-33.40747,147.64525,,,,{},{},{},{},,{},{},{},{},{},{},{},{}
Jessica Way Truganina Solar,Solar PV - Fixed,Solar - Solar,0.37,Operational,,Australia,Victoria,,,,,,,,,{},{},{},{},,{},{},{},{},{},{},{},{}
Jindera Solar Farm,Solar PV - Fixed,Solar - Solar,120.08,Development,,Australia,New South Wales,,,,,,,,,{},{},{},{},,{},{},{},{},{},{},{},{}
JL King & Co 150kW- Solar-,Solar PV - Fixed,Solar - Solar,0.15,Operational,,Australia,Victoria,,,,,,,,,{},{},{},{},,{},{},{},{},{},{},{},{}
Junee Solar Farm,Solar PV - Single axis tracking,Solar - Solar,36.01,Operational,,Australia,New South Wales,,,POINT (147.572829 -34.815205),-34.815205,147.572829,,,,{},{},{},{},,{},{},{},{},{},{},{},{}
Kanowna Solar Farm,Solar PV - Fixed,Solar - Solar,5.0,Operational,,Australia,New South Wales,2019-01-08,,,,,,,,{},{},{},{},,{},{},{},{},{},{},{},{}
Karadoc Solar Farm,Solar PV - Single axis tracking,Solar - Solar,104.5,Operational,,Australia,Victoria,2018-01-12,,POINT (142.2520922 -34.41541985),-34.41541985,142.2520922,,,,{},{},{},{},,{},{},{},{},{},{},{},{}
Kelsey Creek Solar Farm,Solar PV - Fixed,Solar - Solar,50.0,Development,,Australia,Queensland,,,,,,,,,{},{},{},{},,{},{},{},{},{},{},{},{}
Kennedy Energy Park - Phase 1 - Solar,Solar PV - Single axis tracking,Solar - Solar,15.0,Construction,,Australia,Queensland,2024-01-03,,POINT (144.420674 -20.874707),-20.874707,144.420674,,,,{},{},{},{},,{},{},{},{},{},{},{},{}
Kerang Hybrid,Solar PV - Single axis tracking,Solar - Solar,147.0,Development,,Australia,Victoria,2025-01-03,,,,,,,,{},{},{},{},,{},{},{},{},{},{},{},{}
Kerang Solar Farm,Solar PV - Single axis tracking,Solar - Solar,53.31,Development,,Australia,Victoria,,,,,,,,,{},{},{},{},,{},{},{},{},{},{},{},{}
Kerang Solar Farm Green Switch,Solar PV - Single axis tracking,Solar - Solar,29.9,Development,,Australia,Victoria,,,,,,,,,{},{},{},{},,{},{},{},{},{},{},{},{}
Kiamal Solar Farm - Stage 1,Solar PV - Single axis tracking,Solar - Solar,199.95,Operational,,Australia,Victoria,2022-01-01,,POINT (142.29854 -35.020407),-35.020407,142.29854,,,,{},{},{},{},,{},{},{},{},{},{},{},{}
Kiamal Solar Farm - Stage 2,Storage - Battery,Solar - Solar,150.04,Development,,Australia,Victoria,2026-01-04,,,,,,,,{},{},{},{},,{},{},{},{},{},{},{},{}
Kiamal Solar Farm - Stage 2,Solar PV - Single axis tracking,Solar - Solar,150.04,Development,,Australia,Victoria,2026-01-04,,,,,,,,{},{},{},{},,{},{},{},{},{},{},{},{}
Kidston Solar Project Phase One 50MW,Solar PV - Fixed,Solar - Solar,50.0,Operational,,Australia,Queensland,2017-01-12,,POINT (144.144847 -18.89161),-18.89161,144.144847,,,,{},{},{},{},,{},{},{},{},{},{},{},{}
Kidston Solar Project Phase Two 270MW,Solar PV - Fixed,Solar - Solar,270.0,Development,,Australia,Queensland,,,,,,,,,{},{},{},{},,{},{},{},{},{},{},{},{}
Kingaroy Solar Farm,Solar PV - Single axis tracking,Solar - Solar,40.0,Development,,Australia,Queensland,,,,,,,,,{},{},{},{},,{},{},{},{},{},{},{},{}
Kingfisher Solar Storage - Solar,Solar PV - Single axis tracking,Solar - Solar,,Development,,Australia,South Australia,,,,,,,,,{},{},{},{},,{},{},{},{},{},{},{},{}
Koberinga Solar Farm,Solar PV - Fixed,Solar - Solar,55.0,Development,,Australia,Queensland,,,POINT (147.5238786 -19.82776169),-19.82776169,147.5238786,,,,{},{},{},{},,{},{},{},{},{},{},{},{}
Kumbarilla Renewable Energy Park (K-REP),Solar PV - Single axis tracking,Solar - Solar,96.8,Development,,Australia,Queensland,,,POINT (150.9414 -27.25127),-27.25127,150.9414,,,,{},{},{},{},,{},{},{},{},{},{},{},{}
Lake Awoonga (Site B) Solar Farm - BESS,Storage - Battery,Solar - Solar,150.0,Development,,Australia,Queensland,,,,,,,,,{},{},{},{},,{},{},{},{},{},{},{},{}
Lake Awoonga (Site B) Solar Farm - Solar,Solar PV - Single axis tracking,Solar - Solar,420.0,Development,,Australia,Queensland,2027-01-10,,,,,,,,{},{},{},{},,{},{},{},{},{},{},{},{}
Lakeland Solar and Storage,Solar PV - Fixed,Solar - Solar,10.8,Operational,,Australia,Queensland,,,,,,,,,{},{},{},{},,{},{},{},{},{},{},{},{}
Latitude Solar Farm,Solar PV - Fixed,Solar - Solar,5.0,Development,,Australia,Queensland,,,,,,,,,{},{},{},{},,{},{},{},{},{},{},{},{}
Latrobe Solar Farm,Solar PV - Single axis tracking,Solar - Solar,400.0,Development,,Australia,Victoria,,,POINT (144.3590996 -23.44661076),-23.44661076,144.3590996,,,,{},{},{},{},,{},{},{},{},{},{},{},{}
Lilyvale Solar Farm,Solar PV - Single axis tracking,Solar - Solar,118.4,Operational,,Australia,Queensland,2022-01-01,,POINT (148.43900084 -23.08747286),-23.08747286,148.4390008,,,,{},{},{},{},,{},{},{},{},{},{},{},{}
Limondale Solar Farm 1,Solar PV - Single axis tracking,Solar - Solar,230.0,Operational,,Australia,New South Wales,2022-01-12,,,,,,,,{},{},{},{},,{},{},{},{},{},{},{},{}
Limondale Solar Farm 2,Solar PV - Single axis tracking,Solar - Solar,28.98,Operational,,Australia,New South Wales,2023-01-04,,POINT (143.49422 -34.80568),-34.80568,143.49422,,,,{},{},{},{},,{},{},{},{},{},{},{},{}
Little River Solar Farm,Solar PV - Fixed,Solar - Solar,279.0,Development,,Australia,Victoria,,,,,,,,,{},{},{},{},,{},{},{},{},{},{},{},{}
Llewellyn Motors,Solar PV - Fixed,Solar - Solar,0.34,Operational,,Australia,Queensland,,,,,,,,,{},{},{},{},,{},{},{},{},{},{},{},{}
LMCC - Works Depot Power Station,Solar PV - Fixed,Solar - Solar,0.79,Operational,,Australia,New South Wales,,,,,,,,,{},{},{},{},,{},{},{},{},{},{},{},{}
Lockhart Hybrid Facility - Battery,Storage - Battery,Solar - Solar,10.0,Development,,Australia,New South Wales,2025-01-04,,,,,,,,{},{},{},{},,{},{},{},{},{},{},{},{}
Lockhart Hybrid Facility - Solar,Solar PV - Single axis tracking,Solar - Solar,10.0,Development,,Australia,New South Wales,2025-01-04,,,,,,,,{},{},{},{},,{},{},{},{},{},{},{},{}
Lockyer Valley Energy Project - BESS,Storage - Battery,Solar - Solar,400.0,Development,,Australia,Queensland,,,POINT (152.27634 -27.5359),-27.5359,152.27634,,,,{},{},{},{},,{},{},{},{},{},{},{},{}
Longreach Solar Farm,Solar PV - Fixed,Solar - Solar,14.0,Operational,,Australia,Queensland,,,POINT (144.35924 -23.44638),-23.44638,144.35924,,,,{},{},{},{},,{},{},{},{},{},{},{},{}
Lower Wonga Solar Farm,Solar PV - Fixed,Solar - Solar,300.0,Development,,Australia,Queensland,,,POINT (152.4497502 -26.09877951),-26.09877951,152.4497502,,,,{},{},{},{},,{},{},{},{},{},{},{},{}
Manildra Solar Farm,Solar PV - Single axis tracking,Solar - Solar,50.0,Operational,,Australia,New South Wales,2018-01-12,,POINT (148.718325548912 -33.1730321644393),-33.17303216,148.7183255,,,,{},{},{},{},,{},{},{},{},{},{},{},{}
Mannum Adelaide Pumping Station No 2 - MAPL2 (Palmer),Solar PV - Single axis tracking,Solar - Solar,16.8,Operational,,Australia,South Australia,2022-01-05,,POINT (139.1642617 -34.8574032),-34.8574032,139.1642617,,,,{},{},{},{},,{},{},{},{},{},{},{},{}
Mannum Adelaide Pumping Station No 3 - MAPL3 (Tungkillo),Solar PV - Single axis tracking,Solar - Solar,12.36,Operational,,Australia,South Australia,2023-01-01,,,,,,,,{},{},{},{},,{},{},{},{},{},{},{},{}
Mannum Solar Farm,Solar PV - Single axis tracking,Solar - Solar,4.95,Operational,,Australia,South Australia,2019-01-12,,,,,,,,{},{},{},{},,{},{},{},{},{},{},{},{}
Mannum Solar Farm 2,Solar PV - Single axis tracking,Solar - Solar,29.99,Development,,Australia,South Australia,2024-01-02,,,,,,,,{},{},{},{},,{},{},{},{},{},{},{},{}
Mansfield Solar Farm - Solar,Solar PV - Fixed,Solar - Solar,350.0,Development,,Australia,Victoria,,,,,,,,,{},{},{},{},,{},{},{},{},{},{},{},{}
Maryrorough Solar Farm,Solar PV - Single axis tracking,Solar - Solar,34.5,Operational,,Australia,Queensland,2021-01-03,,POINT (152.71709609 -25.54758801),-25.54758801,152.7170961,,,,{},{},{},{},,{},{},{},{},{},{},{},{}
Maryvale Solar Farm,Solar PV - Single axis tracking,Solar - Solar,125.0,Development,,Australia,New South Wales,,,,,,,,,{},{},{},{},,{},{},{},{},{},{},{},{}
Mates Gully Solar Farm,Solar PV - Single axis tracking,Solar - Solar,,Development,,Australia,New South Wales,2027-01-06,,,,,,,,{},{},{},{},,{},{},{},{},{},{},{},{}
Matthew Flinders College Senior,Solar PV - Fixed,Solar - Solar,0.2,Development,,Australia,Queensland,2018-01-09,,,,,,,,{},{},{},{},,{},{},{},{},{},{},{},{}
Maules Creek Solar Farm,Solar PV - Fixed,Solar - Solar,,Development,,Australia,New South Wales,,,,,,,,,{},{},{},{},,{},{},{},{},{},{},{},{}
Maxwell Downs Solar Farm,Solar PV - Single axis tracking,Solar - Solar,104.0,Development,,Australia,New South Wales,,,,,,,,,{},{},{},{},,{},{},{},{},{},{},{},{}
Maxwell Solar Farm,Solar PV - Single axis tracking,Solar - Solar,25.0,Development,,Australia,New South Wales,,,,,,,,,{},{},{},{},,{},{},{},{},{},{},{},{}
McMahons Reef Solar Farm,Solar PV - Single axis tracking,Solar - Solar,123.2,Development,,Australia,New South Wales,,,,,,,,,{},{},{},{},,{},{},{},{},{},{},{},{}
McNamee Partners,Solar PV - Fixed,Solar - Solar,0.26,Operational,,Australia,Queensland,,,,,,,,,{},{},{},{},,{},{},{},{},{},{},{},{}
Meadow Creek Solar Farm,Solar PV - Fixed,Solar - Solar,180.0,Development,,Australia,Victoria,,,,,,,,,{},{},{},{},,{},{},{},{},{},{},{},{}
Melbourne Solar Farm,Solar PV - Fixed,Solar - Solar,350.0,Development,,Australia,Victoria,,,,,,,,,{},{},{},{},,{},{},{},{},{},{},{},{}
Merino Solar Farm - Solar,Solar PV - Fixed,Solar - Solar,338.0,Development,,Australia,New South Wales,,,,,,,,,{},{},{},{},,{},{},{},{},{},{},{},{}
Metz Solar Farm,Solar PV - Single axis tracking,Solar - Solar,135.0,Development,,Australia,New South Wales,2023-01-04,,,,,,,,{},{},{},{},,{},{},{},{},{},{},{},{}
Mica Creek Solar Farm,Solar PV - Single axis tracking,Solar - Solar,88.0,Development,,Australia,Queensland,,,POINT (150.822693 -27.14895222),-27.14895222,150.822693,,,,{},{},{},{},,{},{},{},{},{},{},{},{}
Middlebrook Solar Farm - Solar,Solar PV - Single axis tracking,Solar - Solar,319.98,Development,,Australia,Queensland,2027-01-12,,,,,,,,{},{},{},{},,{},{},{},{},{},{},{},{}
Middlemount Solar Farm,Solar PV - Single axis tracking,Solar - Solar,26.0,Operational,,Australia,Queensland,2021-01-07,,POINT (148.7137122 -22.8228624),-22.8228624,148.7137122,,,,{},{},{},{},,{},{},{},{},{},{},{},{}
Midland Highway Orrvale,Solar PV - Fixed,Solar - Solar,0.51,Operational,,Australia,Victoria,,,,,,,,,{},{},{},{},,{},{},{},{},{},{},{},{}
Mildura Power Station,Solar PV - Single axis tracking,Solar - Solar,9.6,Development,,Australia,Victoria,,,,,,,,,{},{},{},{},,{},{},{},{},{},{},{},{}
Miles Solar Project,Solar PV - Fixed,Solar - Solar,500.0,Development,,Australia,Queensland,,,,,,,,,{},{},{},{},,{},{},{},{},{},{},{},{}
Moah Creek Solar Farm,Solar PV - Fixed,Solar - Solar,390.0,Development,,Australia,Queensland,,,POINT (150.156 -23.34),-23.34,150.156,,,,{},{},{},{},,{},{},{},{},{},{},{},{}
Moama Solar Farm,Solar PV - Single axis tracking,Solar - Solar,36.01,Development,,Australia,New South Wales,,,,,,,,,{},{},{},{},,{},{},{},{},{},{},{},{}
Mokoan Solar Farm,Solar PV - Single axis tracking,Solar - Solar,46.0,Development,,Australia,Victoria,,,,,,,,,{},{},{},{},,{},{},{},{},{},{},{},{}
Molong Solar Farm,Solar PV - Single axis tracking,Solar - Solar,36.08,Operational,,Australia,New South Wales,2021-01-02,,POINT (148.9081967 -33.083961),-33.083961,148.9081967,,,,{},{},{},{},,{},{},{},{},{},{},{},{}
Monaro Solar Farm,Solar PV - Fixed,Solar - Solar,70.0,Development,,Australia,New South Wales,,,,,,,,,{},{},{},{},,{},{},{},{},{},{},{},{}
Monash Solar Farm ,Solar PV - Fixed,Solar - Solar,100.0,Development,,Australia,South Australia,,,,,,,,,{},{},{},{},,{},{},{},{},{},{},{},{}
Moonah Solar Farm,Solar PV - Single axis tracking,Solar - Solar,230.0,Development,,Australia,Victoria,2028-01-04,,,,,,,,{},{},{},{},,{},{},{},{},{},{},{},{}
Moorambilla Solar Farm,Solar PV - Fixed,Solar - Solar,5.0,Development,,Australia,New South Wales,,,,,,,,,{},{},{},{},,{},{},{},{},{},{},{},{}
Moorebank Logistics Park Project - Solar,Solar PV - Fixed,Solar - Solar,120.0,Development,,Australia,New South Wales,,,,,,,,,{},{},{},{},,{},{},{},{},{},{},{},{}
Moranbah Workers Solar,Solar PV - Fixed,Solar - Solar,0.21,Operational,,Australia,Queensland,,,,,,,,,{},{},{},{},,{},{},{},{},{},{},{},{}
Moree Solar Farm,Solar PV - Single axis tracking,Solar - Solar,56.0,Operational,,Australia,New South Wales,,,POINT (149.867 -29.569),-29.569,149.867,,,,{},{},{},{},,{},{},{},{},{},{},{},{}
Morgan Solar,Solar PV - Fixed,Solar - Solar,108.0,Development,,Australia,South Australia,,,,,,,,,{},{},{},{},,{},{},{},{},{},{},{},{}
Morgan To Whyalla Pipeline No 1 PS And Water Filtration Plant,Solar PV - Single axis tracking,Solar - Solar,6.12,Operational,,Australia,South Australia,2022-01-08,,POINT (139.6836843 -34.021229),-34.021229,139.6836843,,,,{},{},{},{},,{},{},{},{},{},{},{},{}
Morgan To Whyalla Pipeline No 2 PS,Solar PV - Single axis tracking,Solar - Solar,5.88,Operational,,Australia,South Australia,2022-01-06,,POINT (139.4214753 -33.971238),-33.971238,139.4214753,,,,{},{},{},{},,{},{},{},{},{},{},{},{}
Morgan To Whyalla Pipeline No 3 PS,Solar PV - Single axis tracking,Solar - Solar,7.38,Operational,,Australia,South Australia,2022-01-06,,POINT (139.1715928 -33.9717444),-33.9717444,139.1715928,,,,{},{},{},{},,{},{},{},{},{},{},{},{}
Morgan To Whyalla Pipeline No 4 PS,Solar PV - Single axis tracking,Solar - Solar,5.88,Operational,,Australia,South Australia,2022-01-08,,POINT (139.06094 -33.965215),-33.965215,139.06094,,,,{},{},{},{},,{},{},{},{},{},{},{},{}
Mortlake Energy Hub - Solar,Solar PV - Single axis tracking,Solar - Solar,333.64,Development,,Australia,Victoria,2026-01-04,,,,,,,,{},{},{},{},,{},{},{},{},{},{},{},{}
Morundah Solar Power Plant (Thermal),Solar Thermal - Central collector,Solar - Solar,600.0,Development,,Australia,New South Wales,,,,,,,,,{},{},{},{},,{},{},{},{},{},{},{},{}
Morwell Solar,Solar PV - Single axis tracking,Solar - Solar,,Development,,Australia,Victoria,,,,,,,,,{},{},{},{},,{},{},{},{},{},{},{},{}
Mount Larcom (Site A) Solar Farm,Storage - Battery,Solar - Solar,200.0,Development,,Australia,Queensland,,,,,,,,,{},{},{},{},,{},{},{},{},{},{},{},{}
Mount Larcom (Site A) Solar Farm,Solar PV - Single axis tracking,Solar - Solar,500.0,Development,,Australia,Queensland,,,,,,,,,{},{},{},{},,{},{},{},{},{},{},{},{}
Mount Majura,Solar PV - Single axis tracking,Solar - Solar,2.3,Operational,,Australia,New South Wales,,,,,,,,,{},{},{},{},,{},{},{},{},{},{},{},{}
Mount Sheridan Plaza,Solar PV - Fixed,Solar - Solar,0.3,Operational,,Australia,Queensland,,,,,,,,,{},{},{},{},,{},{},{},{},{},{},{},{}
Mount Tom Solar Farm,Solar PV - Fixed,Solar - Solar,500.0,Development,,Australia,Queensland,,,,,,,,,{},{},{},{},,{},{},{},{},{},{},{},{}
Moura Solar Farm,Solar PV - Single axis tracking,Solar - Solar,99.0,Operational,,Australia,Queensland,2023-01-04,,,,,,,,{},{},{},{},,{},{},{},{},{},{},{},{}
Mt Challenger Solar Farm,Solar PV - Fixed,Solar - Solar,20.0,Development,,Australia,Queensland,,,POINT (148.389502 -20.315164),-20.315164,148.389502,,,,{},{},{},{},,{},{},{},{},{},{},{},{}
Mulwala Solar Farm,Solar PV - Single axis tracking,Solar - Solar,25.0,Development,,Australia,New South Wales,,,,,,,,,{},{},{},{},,{},{},{},{},{},{},{},{}
Munna Creek Solar Farm,Solar PV - Single axis tracking,Solar - Solar,154.0,Development,,Australia,Queensland,2024-01-04,,POINT (152.4356913 -25.87781183),-25.87781183,152.4356913,,,,{},{},{},{},,{},{},{},{},{},{},{},{}
Murray Bridge - Onkaparinga Pipeline Pump 2,Solar PV - Single axis tracking,Solar - Solar,13.74,Operational,,Australia,South Australia,2022-01-08,,POINT (139.210112 -35.096732),-35.096732,139.210112,,,,{},{},{},{},,{},{},{},{},{},{},{},{}
Myrtle Creek Solar Farm,Solar PV - Fixed,Solar - Solar,102.06,Development,,Australia,New South Wales,,,,,,,,,{},{},{},{},,{},{},{},{},{},{},{},{}
Naring Solar Farm,Solar PV - Fixed,Solar - Solar,60.0,Development,,Australia,Victoria,,,,,,,,,{},{},{},{},,{},{},{},{},{},{},{},{}
Narrabri Solar Farm,Solar PV - Fixed,Solar - Solar,120.0,Development,,Australia,New South Wales,,,,,,,,,{},{},{},{},,{},{},{},{},{},{},{},{}
Narrabri South Solar Farm,Solar PV - Fixed,Solar - Solar,50.0,Development,,Australia,New South Wales,,,,,,,,,{},{},{},{},,{},{},{},{},{},{},{},{}
Narromine Solar Farm,Solar PV - Single axis tracking,Solar - Solar,10.0,Operational,,Australia,New South Wales,,,POINT (148.254394 -32.218459),-32.218459,148.254394,,,,{},{},{},{},,{},{},{},{},{},{},{},{}
NAWMA Balefill Site Uleybury - Solar,Solar PV - Fixed,Solar - Solar,1.15,Operational,,Australia,South Australia,,,,,,,,,{},{},{},{},,{},{},{},{},{},{},{},{}
Nevertire Solar Farm,Solar PV - Single axis tracking,Solar - Solar,104.64,Operational,,Australia,New South Wales,2020-01-07,,POINT (147.706024 -31.827987),-31.827987,147.706024,,,,{},{},{},{},,{},{},{},{},{},{},{},{}
New England Solar Farm,Solar PV - Single axis tracking,Solar - Solar,400.0,Construction,,Australia,New South Wales,2023-01-05,,,,,,,,{},{},{},{},,{},{},{},{},{},{},{},{}
New England Solar Farm 2,Solar PV - Single axis tracking,Solar - Solar,320.0,Development,,Australia,New South Wales,,,,,,,,,{},{},{},{},,{},{},{},{},{},{},{},{}
Newhaven College,Solar PV - Fixed,Solar - Solar,0.24,Operational,,Australia,Victoria,,,,,,,,,{},{},{},{},,{},{},{},{},{},{},{},{}
Normanton Solar Farm,Solar PV - Single axis tracking,Solar - Solar,4.96,Operational,,Australia,Queensland,,,POINT (141.0500048 -17.68096032),-17.68096032,141.0500048,,,,{},{},{},{},,{},{},{},{},{},{},{},{}
North Burnett Renewable Hub - Solar,Solar PV - Fixed,Solar - Solar,720.0,Development,,Australia,Queensland,,,POINT (151.2289131 -26.90127804),-26.90127804,151.2289131,,,,{},{},{},{},,{},{},{},{},{},{},{},{}
Northern Midlands Solar Farm,Solar PV - Fixed,Solar - Solar,289.8,Development,,Australia,Tasmania,,,,,,,,,{},{},{},{},,{},{},{},{},{},{},{},{}
Nottingham Park Solar Farm,Solar PV - Fixed,Solar - Solar,210.0,Development,,Australia,New South Wales,,,,,,,,,{},{},{},{},,{},{},{},{},{},{},{},{}
Nowingi Solar Storage - Solar,Solar PV - Single axis tracking,Solar - Solar,250.0,Development,,Australia,Victoria,,,,,,,,,{},{},{},{},,{},{},{},{},{},{},{},{}
Numurkah Solar Farm,Solar PV - Single axis tracking,Solar - Solar,66.79,Operational,,Australia,Victoria,2019-01-08,,POINT (145.47455201 -36.15924846),-36.15924846,145.474552,,,,{},{},{},{},,{},{},{},{},{},{},{},{}
Numurkah Solar Farm,Solar PV - Single axis tracking,Solar - Solar,34.3,Operational,,Australia,Victoria,2019-01-08,,,,,,,,{},{},{},{},,{},{},{},{},{},{},{},{}
Nyngan Solar Plant,Solar PV - Fixed,Solar - Solar,102.03,Operational,,Australia,New South Wales,,,POINT (147.08535195 -31.55274036),-31.55274036,147.085352,,,,{},{},{},{},,{},{},{},{},{},{},{},{}
Oakey 2 Solar Farm,Solar PV - Single axis tracking,Solar - Solar,55.64,Operational,,Australia,Queensland,2022-01-04,,POINT (151.6336956 -27.409398),-27.409398,151.6336956,,,,{},{},{},{},,{},{},{},{},{},{},{},{}
Oakey Solar Farm,Solar PV - Fixed,Solar - Solar,25.0,Operational,,Australia,Queensland,2019-01-08,,,,,,,,{},{},{},{},,{},{},{},{},{},{},{},{}
Oakville Solar Farm,Solar PV - Fixed,Solar - Solar,450.0,Development,,Australia,Queensland,,,,,,,,,{},{},{},{},,{},{},{},{},{},{},{},{}
Orange Grove Sun Farm,Solar PV - Single axis tracking,Solar - Solar,80.0,Development,,Australia,New South Wales,,,,,,,,,{},{},{},{},,{},{},{},{},{},{},{},{}
Oxley Solar Farm,Solar PV - Fixed,Solar - Solar,300.0,Development,,Australia,New South Wales,,,,,,,,,{},{},{},{},,{},{},{},{},{},{},{},{}
Parkes Shire Council STP,Solar PV - Fixed,Solar - Solar,0.11,Operational,,Australia,New South Wales,,,,,,,,,{},{},{},{},,{},{},{},{},{},{},{},{}
Parkes Shire Council WTP,Solar PV - Fixed,Solar - Solar,0.11,Operational,,Australia,New South Wales,,,,,,,,,{},{},{},{},,{},{},{},{},{},{},{},{}
Parkes Solar Farm,Solar PV - Single axis tracking,Solar - Solar,55.0,Operational,,Australia,New South Wales,,,POINT (148.07498992 -33.10273408),-33.10273408,148.0749899,,,,{},{},{},{},,{},{},{},{},{},{},{},{}
Peninsula Solar Farm - Solar,Solar PV - Single axis tracking,Solar - Solar,80.0,Development,,Australia,New South Wales,,,,,,,,,{},{},{},{},,{},{},{},{},{},{},{},{}
Penrith RSL Solar,Solar PV - Fixed,Solar - Solar,0.2,Operational,,Australia,New South Wales,,,,,,,,,{},{},{},{},,{},{},{},{},{},{},{},{}
Peterborough Solar Farm,Solar PV - Single axis tracking,Solar - Solar,4.9,Operational,,Australia,South Australia,,,,,,,,,{},{},{},{},,{},{},{},{},{},{},{},{}
Photon Energy Leeton,Solar PV - Fixed,Solar - Solar,22.0,Development,,Australia,New South Wales,,,,,,,,,{},{},{},{},,{},{},{},{},{},{},{},{}
Planet Ark Power and Schneider Electric - PV and Battery Microgrid,Solar PV - Fixed,Solar - Solar,5.7,Development,,Australia,South Australia,,,,,,,,,{},{},{},{},,{},{},{},{},{},{},{},{}
Port Augusta Renewable Energy Park - Solar,Solar PV - Fixed,Solar - Solar,79.2,Operational,,Australia,South Australia,2023-01-01,,,,,,,,{},{},{},{},,{},{},{},{},{},{},{},{}
Port Pirie Solar Farm,Solar PV - Fixed,Solar - Solar,300.0,Development,,Australia,South Australia,,,,,,,,,{},{},{},{},,{},{},{},{},{},{},{},{}
Prairie Solar Farm,Solar PV - Single axis tracking,Solar - Solar,,Development,,Australia,Victoria,2027-01-10,,,,,,,,{},{},{},{},,{},{},{},{},{},{},{},{}
Proten - Farm 60,Solar PV - Fixed,Solar - Solar,0.36,Operational,,Australia,New South Wales,,,,,,,,,{},{},{},{},,{},{},{},{},{},{},{},{}
Proten - Farm 61,Solar PV - Fixed,Solar - Solar,0.36,Operational,,Australia,New South Wales,,,,,,,,,{},{},{},{},,{},{},{},{},{},{},{},{}
Proten - Farm 74,Solar PV - Fixed,Solar - Solar,0.25,Operational,,Australia,New South Wales,,,,,,,,,{},{},{},{},,{},{},{},{},{},{},{},{}
Proten - Farm 75 - 79,Solar PV - Fixed,Solar - Solar,1.21,Operational,,Australia,New South Wales,,,,,,,,,{},{},{},{},,{},{},{},{},{},{},{},{}
Punchs Creek (Millmerran) Solar Farm,Solar PV - Fixed,Solar - Solar,600.0,Development,,Australia,Queensland,,,POINT (151.371481 -27.945486),-27.945486,151.371481,,,,{},{},{},{},,{},{},{},{},{},{},{},{}
Quorn Park Hybrid - Solar,Solar PV - Single axis tracking,Solar - Solar,96.8,Development,,Australia,New South Wales,2025-01-12,,,,,,,,{},{},{},{},,{},{},{},{},{},{},{},{}
Raglan Solar Farm,Solar PV - Single axis tracking,Solar - Solar,300.0,Development,,Australia,Queensland,,,POINT (150.8718243 -23.76857208),-23.76857208,150.8718243,,,,{},{},{},{},,{},{},{},{},{},{},{},{}
Rangemore Solar Farm,Solar PV - Fixed,Solar - Solar,20.0,Development,,Australia,Queensland,,,POINT (148.441896 -20.437897),-20.437897,148.441896,,,,{},{},{},{},,{},{},{},{},{},{},{},{}
Red Cliffs Solar & BESS,Solar PV - Single axis tracking,Solar - Solar,60.0,Development,,Australia,Victoria,2026-01-03,,,,,,,,{},{},{},{},,{},{},{},{},{},{},{},{}
Redmud Green Energy 10,Solar PV - Fixed,Solar - Solar,0.21,Operational,,Australia,South Australia,,,,,,,,,{},{},{},{},,{},{},{},{},{},{},{},{}
Redmud Green Energy 11,Solar PV - Fixed,Solar - Solar,0.21,Operational,,Australia,South Australia,,,,,,,,,{},{},{},{},,{},{},{},{},{},{},{},{}
Redmud Green Energy 12,Solar PV - Fixed,Solar - Solar,0.21,Operational,,Australia,South Australia,,,,,,,,,{},{},{},{},,{},{},{},{},{},{},{},{}
Redmud Green Energy 13,Solar PV - Fixed,Solar - Solar,0.21,Operational,,Australia,South Australia,,,,,,,,,{},{},{},{},,{},{},{},{},{},{},{},{}
Redmud Green Energy 14,Solar PV - Fixed,Solar - Solar,0.21,Operational,,Australia,South Australia,,,,,,,,,{},{},{},{},,{},{},{},{},{},{},{},{}
Redmud Green Energy 4,Solar PV - Fixed,Solar - Solar,0.6,Operational,,Australia,South Australia,,,,,,,,,{},{},{},{},,{},{},{},{},{},{},{},{}
Redmud Green Energy 5,Solar PV - Fixed,Solar - Solar,0.21,Operational,,Australia,South Australia,,,,,,,,,{},{},{},{},,{},{},{},{},{},{},{},{}
Redmud Green Energy 6,Solar PV - Fixed,Solar - Solar,0.21,Operational,,Australia,South Australia,,,,,,,,,{},{},{},{},,{},{},{},{},{},{},{},{}
Redmud Green Energy 7,Solar PV - Fixed,Solar - Solar,0.21,Operational,,Australia,South Australia,,,,,,,,,{},{},{},{},,{},{},{},{},{},{},{},{}
Redmud Green Energy 8,Solar PV - Fixed,Solar - Solar,0.21,Operational,,Australia,South Australia,,,,,,,,,{},{},{},{},,{},{},{},{},{},{},{},{}
Redmud Green Energy 9,Solar PV - Fixed,Solar - Solar,0.21,Operational,,Australia,South Australia,,,,,,,,,{},{},{},{},,{},{},{},{},{},{},{},{}
Richmond Valley Solar Farm,Solar PV - Single axis tracking,Solar - Solar,412.0,Development,,Australia,New South Wales,,,,,,,,,{},{},{},{},,{},{},{},{},{},{},{},{}
Riverina Solar Farm,Solar PV - Single axis tracking,Solar - Solar,32.4,Development,,Australia,New South Wales,2025-01-06,,,,,,,,{},{},{},{},,{},{},{},{},{},{},{},{}
Riverland Solar Storage - Solar,Solar PV - Single axis tracking,Solar - Solar,330.0,Development,,Australia,South Australia,,,,,,,,,{},{},{},{},,{},{},{},{},{},{},{},{}
RMGE94,Solar PV - Fixed,Solar - Solar,0.05,Operational,,Australia,South Australia,2022-01-09,,,,,,,,{},{},{},{},,{},{},{},{},{},{},{},{}
Robertstown Solar,Solar PV - Single axis tracking,Solar - Solar,500.0,Development,,Australia,South Australia,,,,,,,,,{},{},{},{},,{},{},{},{},{},{},{},{}
Rollsville Hybrid Facility - Solar,Solar PV - Fixed,Solar - Solar,220.0,Development,,Australia,New South Wales,,,,,,,,,{},{},{},{},,{},{},{},{},{},{},{},{}
Romani Solar Farm,Solar PV - Fixed,Solar - Solar,252.25,Development,,Australia,New South Wales,,,,,,,,,{},{},{},{},,{},{},{},{},{},{},{},{}
Rosedale SF,Solar PV - Fixed,Solar - Solar,500.0,Development,,Australia,New South Wales,,,,,,,,,{},{},{},{},,{},{},{},{},{},{},{},{}
Ross River Solar Farm,Solar PV - Single axis tracking,Solar - Solar,128.0,Operational,,Australia,Queensland,,,POINT (146.7170667 -19.4182089),-19.4182089,146.7170667,,,,{},{},{},{},,{},{},{},{},{},{},{},{}
Royalla Solar Farm,Solar PV - Fixed,Solar - Solar,20.0,Operational,,Australia,New South Wales,,,POINT (149.143 -35.4901),-35.4901,149.143,,,,{},{},{},{},,{},{},{},{},{},{},{},{}
Rugby Run Solar Farm,Solar PV - Single axis tracking,Solar - Solar,65.0,Operational,,Australia,Queensland,2020-01-10,,POINT (147.9187653 -22.14046924),-22.14046924,147.9187653,,,,{},{},{},{},,{},{},{},{},{},{},{},{}
SA Aquatic & Leasure Centre,Solar PV - Fixed,Solar - Solar,0.51,Operational,,Australia,South Australia,,,,,,,,,{},{},{},{},,{},{},{},{},{},{},{},{}
SALE HOSPITAL - SOLAR,Solar PV - Fixed,Solar - Solar,0.26,Operational,,Australia,Victoria,,,,,,,,,{},{},{},{},,{},{},{},{},{},{},{},{}
Salisbury Solar 450MW   ,Solar PV - Single axis tracking,Solar - Solar,170.0,Development,,Australia,New South Wales,2027-01-09,,,,,,,,{},{},{},{},,{},{},{},{},{},{},{},{}
Salisbury Solar 450MW   ,Solar PV - Single axis tracking,Solar - Solar,280.0,Development,,Australia,New South Wales,2027-01-09,,,,,,,,{},{},{},{},,{},{},{},{},{},{},{},{}
Sandigo Solar Farm,Solar PV - Fixed,Solar - Solar,300.0,Development,,Australia,New South Wales,,,,,,,,,{},{},{},{},,{},{},{},{},{},{},{},{}
Sapphire Solar Farm,Solar PV - Single axis tracking,Solar - Solar,150.0,Development,,Australia,New South Wales,,,,,,,,,{},{},{},{},,{},{},{},{},{},{},{},{}
SCS Shepparton,Solar PV - Fixed,Solar - Solar,0.3,Operational,,Australia,Victoria,,,,,,,,,{},{},{},{},,{},{},{},{},{},{},{},{}
Seaford Renewable Energy Facility - Solar,Solar PV - Fixed,Solar - Solar,0.6,Operational,,Australia,South Australia,,,,,,,,,{},{},{},{},,{},{},{},{},{},{},{},{}
Sebastopol Solar Farm,Solar PV - Single axis tracking,Solar - Solar,90.0,Development,,Australia,New South Wales,2023-01-01,,POINT (147.5548858 -34.602951),-34.602951,147.5548858,,,,{},{},{},{},,{},{},{},{},{},{},{},{}
Shamic Sheetmetal,Solar PV - Fixed,Solar - Solar,0.31,Operational,,Australia,Victoria,,,,,,,,,{},{},{},{},,{},{},{},{},{},{},{},{}
SIPS Staypylton Industrial Power Station,Solar PV - Fixed,Solar - Solar,0.15,Operational,,Australia,Queensland,,,,,,,,,{},{},{},{},,{},{},{},{},{},{},{},{}
Smoky Creek Solar Farm,Solar PV - Single axis tracking,Solar - Solar,700.0,Development,,Australia,Queensland,,,POINT (150.4080574 -24.05304732),-24.05304732,150.4080574,,,,{},{},{},{},,{},{},{},{},{},{},{},{}
Snowtown North Solar Farm,Solar PV - Fixed,Solar - Solar,44.0,Development,,Australia,South Australia,,,,,,,,,{},{},{},{},,{},{},{},{},{},{},{},{}
Solar River Solar And BESS Project -Solar,Solar PV - Single axis tracking,Solar - Solar,255.76,Development,,Australia,South Australia,,,,,,,,,{},{},{},{},,{},{},{},{},{},{},{},{}
Somerset Dam,Solar PV - Fixed,Solar - Solar,3.2,Operational,,Australia,Queensland,,,POINT (152.556 -27.1152),-27.1152,152.556,,,,{},{},{},{},,{},{},{},{},{},{},{},{}
South Keswick Solar Farm,Solar PV - Single axis tracking,Solar - Solar,15.0,Operational,,Australia,New South Wales,,,POINT (148.6446276 -32.2770701),-32.2770701,148.6446276,,,,{},{},{},{},,{},{},{},{},{},{},{},{}
Springdale Solar Farm,Solar PV - Single axis tracking,Solar - Solar,120.0,Development,,Australia,New South Wales,,,POINT (151.5884596 -24.19321219),-24.19321219,151.5884596,,,,{},{},{},{},,{},{},{},{},{},{},{},{}
SSE Whyalla Solar Farm,Solar PV - Single axis tracking,Solar - Solar,5.4,Development,,Australia,South Australia,,,,,,,,,{},{},{},{},,{},{},{},{},{},{},{},{}
St Patrick's College Launceston,Solar PV - Fixed,Solar - Solar,0.27,Operational,,Australia,Tasmania,,,,,,,,,{},{},{},{},,{},{},{},{},{},{},{},{}
St Ursula's College Yeppoon,Solar PV - Fixed,Solar - Solar,0.17,Operational,,Australia,Queensland,,,,,,,,,{},{},{},{},,{},{},{},{},{},{},{},{}
Stanhope BESS Project 01,Storage - Battery,Solar - Solar,20.0,Development,,Australia,Victoria,2026-01-05,,,,,,,,{},{},{},{},,{},{},{},{},{},{},{},{}
Stanhope BESS Project 02,Solar PV - Fixed,Solar - Solar,5.0,Development,,Australia,Victoria,2026-01-05,,,,,,,,{},{},{},{},,{},{},{},{},{},{},{},{}
Stockland Development Wetherill Park,Solar PV - Fixed,Solar - Solar,0.93,Operational,,Australia,New South Wales,,,,,,,,,{},{},{},{},,{},{},{},{},{},{},{},{}
Stubbo Solar Farm,Solar PV - Single axis tracking,Solar - Solar,400.0,Development,,Australia,New South Wales,2024-01-07,,,,,,,,{},{},{},{},,{},{},{},{},{},{},{},{}
Summerhill Solar Farm,Solar PV - Fixed,Solar - Solar,5.0,Development,,Australia,New South Wales,,,,,,,,,{},{},{},{},,{},{},{},{},{},{},{},{}
Summerville Solar Farm,Solar PV - Fixed,Solar - Solar,,Development,,Australia,New South Wales,,,,,,,,,{},{},{},{},,{},{},{},{},{},{},{},{}
Sun Metals Corporation Solar Farm,Solar PV - Fixed,Solar - Solar,143.0,Operational,,Australia,Queensland,,,POINT (146.88849659 -19.33545611),-19.33545611,146.8884966,,,,{},{},{},{},,{},{},{},{},{},{},{},{}
Sundown SF(Canadian Solar),Solar PV - Fixed,Solar - Solar,360.0,Development,,Australia,New South Wales,,,,,,,,,{},{},{},{},,{},{},{},{},{},{},{},{}
Sundown Solar Farm,Solar PV - Fixed,Solar - Solar,600.0,Development,,Australia,New South Wales,,,,,,,,,{},{},{},{},,{},{},{},{},{},{},{},{}
Sunraysia Solar Farm,Solar PV - Single axis tracking,Solar - Solar,228.8,Operational,,Australia,New South Wales,2021-01-12,,POINT (143.5087952 -34.8215156),-34.8215156,143.5087952,,,,{},{},{},{},,{},{},{},{},{},{},{},{}
Sunshine Coast Solar Farm,Solar PV - Fixed,Solar - Solar,15.0,Operational,,Australia,Queensland,,,POINT (153.025774 -26.56009333),-26.56009333,153.025774,,,,{},{},{},{},,{},{},{},{},{},{},{},{}
Sunshine Energy Solar Farm,Solar PV - Single axis tracking,Solar - Solar,1500.0,Development,,Australia,Queensland,,,POINT (152.4154087 -26.95060742),-26.95060742,152.4154087,,,,{},{},{},{},,{},{},{},{},{},{},{},{}
Sunshine State Solar Farm and BESS,Solar PV - Fixed,Solar - Solar,110.0,Development,,Australia,Queensland,,,,,,,,,{},{},{},{},,{},{},{},{},{},{},{},{}
Sunshine State Solar Farm and BESS (Rollingstone),Solar PV - Fixed,Solar - Solar,500.0,Development,,Australia,Queensland,,,,,,,,,{},{},{},{},,{},{},{},{},{},{},{},{}
Suntop Solar Farm,Solar PV - Single axis tracking,Solar - Solar,150.0,Operational,,Australia,New South Wales,2021-01-12,,POINT (148.82721 -32.58284),-32.58284,148.82721,,,,{},{},{},{},,{},{},{},{},{},{},{},{}
Supernode Project,Storage - Battery,Solar - Solar,750.0,Development,,Australia,Queensland,,,POINT (153.011074 -27.337829),-27.337829,153.011074,,,,{},{},{},{},,{},{},{},{},{},{},{},{}
Susan River Solar Farm,Solar PV - Single axis tracking,Solar - Solar,85.26,Operational,,Australia,Queensland,2019-01-12,,POINT (152.7373831 -25.4172643),-25.4172643,152.7373831,,,,{},{},{},{},,{},{},{},{},{},{},{},{}
Swan Hill Solar Farm 1 Unit 1,Solar PV - Single axis tracking,Solar - Solar,7.2,Operational,,Australia,Victoria,,,,,,,,,{},{},{},{},,{},{},{},{},{},{},{},{}
Swan Hill Solar Farm 2 Unit 1,Solar PV - Single axis tracking,Solar - Solar,7.2,Operational,,Australia,Victoria,,,,,,,,,{},{},{},{},,{},{},{},{},{},{},{},{}
Tabulam Solar Farm,Solar PV - Fixed,Solar - Solar,126.0,Development,,Australia,New South Wales,,,,,,,,,{},{},{},{},,{},{},{},{},{},{},{},{}
Tailem Bend - Solar,Solar PV - Fixed,Solar - Solar,108.0,Operational,,Australia,South Australia,2019-01-04,,POINT (139.4849363 -35.275621),-35.275621,139.4849363,,,,{},{},{},{},,{},{},{},{},{},{},{},{}
Tailem Bend Stage 2 Solar Project,Solar PV - Single axis tracking,Solar - Solar,105.0,Construction,,Australia,South Australia,2023-01-09,,,,,,,,{},{},{},{},,{},{},{},{},{},{},{},{}
Tamworth Solar Farm,Solar PV - Single axis tracking,Solar - Solar,65.0,Development,,Australia,New South Wales,2026-01-04,,,,,,,,{},{},{},{},,{},{},{},{},{},{},{},{}
Taronga Western Plains Zoo,Solar PV - Fixed,Solar - Solar,1.0,Operational,,Australia,New South Wales,,,,,,,,,{},{},{},{},,{},{},{},{},{},{},{},{}
Tenterfield Solar Farm,Solar PV - Fixed,Solar - Solar,29.4,Development,,Australia,New South Wales,2026-01-02,,,,,,,,{},{},{},{},,{},{},{},{},{},{},{},{}
The Solar River Project - Stage 1,Solar PV - Fixed,Solar - Solar,200.0,Development,,Australia,South Australia,,,,,,,,,{},{},{},{},,{},{},{},{},{},{},{},{}
The Solar River Project - Stage 2,Solar PV - Fixed,Solar - Solar,200.0,Development,,Australia,South Australia,,,,,,,,,{},{},{},{},,{},{},{},{},{},{},{},{}
Theodore Solar Farm,Solar PV - Single axis tracking,Solar - Solar,70.0,Development,,Australia,Queensland,,,POINT (150.1416216 -24.80377062),-24.80377062,150.1416216,,,,{},{},{},{},,{},{},{},{},{},{},{},{}
Ticoba Solar Farm,Solar PV - Fixed,Solar - Solar,550.0,Development,,Australia,Queensland,,,,,,,,,{},{},{},{},,{},{},{},{},{},{},{},{}
Tieri Solar Farm - Solar,Solar PV - Single axis tracking,Solar - Solar,74.8,Development,,Australia,Queensland,,,POINT (146.4885954 -19.14303841),-19.14303841,146.4885954,,,,{},{},{},{},,{},{},{},{},{},{},{},{}
Tilbuster Solar Farm,Solar PV - Fixed,Solar - Solar,248.82,Development,,Australia,New South Wales,2026-01-03,,,,,,,,{},{},{},{},,{},{},{},{},{},{},{},{}
Todae Solar- PF Minchinbury,Solar PV - Fixed,Solar - Solar,0.32,Operational,,Australia,New South Wales,,,,,,,,,{},{},{},{},,{},{},{},{},{},{},{},{}
Todae Solar - DHP 1MW,Solar PV - Fixed,Solar - Solar,0.95,Operational,,Australia,Queensland,,,,,,,,,{},{},{},{},,{},{},{},{},{},{},{},{}
Todae Solar - La Trobe University Bendigo,Solar PV - Fixed,Solar - Solar,0.35,Operational,,Australia,Victoria,,,,,,,,,{},{},{},{},,{},{},{},{},{},{},{},{}
Todae Solar - La Trobe University Wodonga,Solar PV - Fixed,Solar - Solar,0.22,Operational,,Australia,Victoria,,,,,,,,,{},{},{},{},,{},{},{},{},{},{},{},{}
Todae Solar - Nillumbik,Solar PV - Fixed,Solar - Solar,0.13,Operational,,Australia,Victoria,,,,,,,,,{},{},{},{},,{},{},{},{},{},{},{},{}
Todae Solar CSU ,Solar PV - Fixed,Solar - Solar,1.77,Operational,,Australia,New South Wales,,,,,,,,,{},{},{},{},,{},{},{},{},{},{},{},{}
Todae Solar PE - Llandilo,Solar PV - Fixed,Solar - Solar,0.8,Operational,,Australia,New South Wales,,,,,,,,,{},{},{},{},,{},{},{},{},{},{},{},{}
Todae Solar SV - Eltham,Solar PV - Fixed,Solar - Solar,0.18,Operational,,Australia,Victoria,,,,,,,,,{},{},{},{},,{},{},{},{},{},{},{},{}
Todae Solar SV - Holy Spirit Northside,Solar PV - Fixed,Solar - Solar,0.39,Operational,,Australia,Queensland,,,,,,,,,{},{},{},{},,{},{},{},{},{},{},{},{}
Todae Solar SV - Mater Clinic,Solar PV - Fixed,Solar - Solar,0.13,Operational,,Australia,New South Wales,,,,,,,,,{},{},{},{},,{},{},{},{},{},{},{},{}
Todae Solar SV - Mater Hospital,Solar PV - Fixed,Solar - Solar,0.28,Operational,,Australia,New South Wales,,,,,,,,,{},{},{},{},,{},{},{},{},{},{},{},{}
Todae Solar SV - Mitchelton,Solar PV - Fixed,Solar - Solar,0.18,Operational,,Australia,Queensland,,,,,,,,,{},{},{},{},,{},{},{},{},{},{},{},{}
Todae Solar SV - Private Brisbane,Solar PV - Fixed,Solar - Solar,0.17,Operational,,Australia,Queensland,,,,,,,,,{},{},{},{},,{},{},{},{},{},{},{},{}
Todae Solar SV - Toowoomba,Solar PV - Fixed,Solar - Solar,0.26,Operational,,Australia,Queensland,,,,,,,,,{},{},{},{},,{},{},{},{},{},{},{},{}
Todae Solar SV Lourdes,Solar PV - Fixed,Solar - Solar,0.26,Operational,,Australia,Queensland,,,,,,,,,{},{},{},{},,{},{},{},{},{},{},{},{}
Tumuruu Solar Farm,Solar PV - Fixed,Solar - Solar,464.0,Development,,Australia,Queensland,,,POINT (152.104385 -26.833892),-26.833892,152.104385,,,,{},{},{},{},,{},{},{},{},{},{},{},{}
Tyrone Solar,Solar PV - Fixed,Solar - Solar,400.0,Development,,Australia,Queensland,,,,,,,,,{},{},{},{},,{},{},{},{},{},{},{},{}
UniSA Solar project,Solar PV - Fixed,Solar - Solar,1.8,Development,,Australia,South Australia,,,,,,,,,{},{},{},{},,{},{},{},{},{},{},{},{}
University of Melbourne Archives Brunswick,Solar PV - Fixed,Solar - Solar,0.09,Operational,,Australia,Victoria,,,,,,,,,{},{},{},{},,{},{},{},{},{},{},{},{}
University of Melbourne McCoy Carlton,Solar PV - Fixed,Solar - Solar,0.07,Operational,,Australia,Victoria,,,,,,,,,{},{},{},{},,{},{},{},{},{},{},{},{}
University of Melbourne Performing Arts Centre Southbank,Solar PV - Fixed,Solar - Solar,0.14,Operational,,Australia,Victoria,,,,,,,,,{},{},{},{},,{},{},{},{},{},{},{},{}
University of Melbourne Peter Hall Parkville,Solar PV - Fixed,Solar - Solar,0.05,Operational,,Australia,Victoria,,,,,,,,,{},{},{},{},,{},{},{},{},{},{},{},{}
University of Melbourne Sports Centre Parkville,Solar PV - Fixed,Solar - Solar,0.16,Operational,,Australia,Victoria,,,,,,,,,{},{},{},{},,{},{},{},{},{},{},{},{}
University of Melbourne The Spot Carlton,Solar PV - Fixed,Solar - Solar,0.06,Operational,,Australia,Victoria,,,,,,,,,{},{},{},{},,{},{},{},{},{},{},{},{}
University of Southern Queensland Toowoomba,Solar PV - Fixed,Solar - Solar,1.09,Operational,,Australia,Queensland,,,,,,,,,{},{},{},{},,{},{},{},{},{},{},{},{}
Upper Calliope Solar Farm (side A),Solar PV - Fixed,Solar - Solar,291.0,Development,,Australia,Queensland,,,,,,,,,{},{},{},{},,{},{},{},{},{},{},{},{}
Upper Hunter Energy Park - Solar,Solar PV - Fixed,Solar - Solar,10.0,Development,,Australia,New South Wales,,,,,,,,,{},{},{},{},,{},{},{},{},{},{},{},{}
Vales Point Solar,Solar PV - Fixed,Solar - Solar,55.0,Development,,Australia,New South Wales,,,,,,,,,{},{},{},{},,{},{},{},{},{},{},{},{}
Vast Solar 1,Solar Thermal - Other,Solar - Solar,34.0,Development,,Australia,South Australia,,,,,,,,,{},{},{},{},,{},{},{},{},{},{},{},{}
Vawdrey Manufacturing,Solar PV - Fixed,Solar - Solar,0.75,Operational,,Australia,Victoria,,,,,,,,,{},{},{},{},,{},{},{},{},{},{},{},{}
Vulcan Yatala,Solar PV - Fixed,Solar - Solar,0.2,Operational,,Australia,Queensland,,,,,,,,,{},{},{},{},,{},{},{},{},{},{},{},{}
Wagga North Solar Farm,Solar PV - Single axis tracking,Solar - Solar,55.65,Operational,,Australia,New South Wales,2023-01-07,,POINT (147.4370662 -35.0705443),-35.0705443,147.4370662,,,,{},{},{},{},,{},{},{},{},{},{},{},{}
Wagga Wagga Solar Farm,Solar PV - Fixed,Solar - Solar,30.0,Development,,Australia,New South Wales,,,,,,,,,{},{},{},{},,{},{},{},{},{},{},{},{}
Walla Walla Solar Farm 1,Solar PV - Single axis tracking,Solar - Solar,151.97,Development,,Australia,New South Wales,2024-01-05,,,,,,,,{},{},{},{},,{},{},{},{},{},{},{},{}
Walla Walla Solar Farm 2,Solar PV - Single axis tracking,Solar - Solar,151.97,Development,,Australia,New South Wales,2024-01-05,,,,,,,,{},{},{},{},,{},{},{},{},{},{},{},{}
Wallaroo Solar Farm,Solar PV - Single axis tracking,Solar - Solar,122.4,Development,,Australia,New South Wales,,,,,,,,,{},{},{},{},,{},{},{},{},{},{},{},{}
Wandoan South Solar Stage 1,Solar PV - Single axis tracking,Solar - Solar,160.0,Construction,,Australia,Queensland,2023-01-08,,POINT (149.7920504 -26.25255257),-26.25255257,149.7920504,,,,{},{},{},{},,{},{},{},{},{},{},{},{}
Wandoan South Solar Stage 2,Solar PV - Single axis tracking,Solar - Solar,240.0,Development,,Australia,Queensland,,,,,,,,,{},{},{},{},,{},{},{},{},{},{},{},{}
Wangaratta Solar Farm,Solar PV - Single axis tracking,Solar - Solar,26.4,Development,,Australia,Victoria,,,,,,,,,{},{},{},{},,{},{},{},{},{},{},{},{}
Warwick Solar Farm,Solar PV - Single axis tracking,Solar - Solar,32.1,Operational,,Australia,Queensland,2023-01-04,,POINT (152.0700507 -28.1803441),-28.1803441,152.0700507,,,,{},{},{},{},,{},{},{},{},{},{},{},{}
Warwick Solar Farm,Solar PV - Single axis tracking,Solar - Solar,32.1,Operational,,Australia,Queensland,2023-01-04,,POINT (152.0700507 -28.1803441),-28.1803441,152.0700507,,,,{},{},{},{},,{},{},{},{},{},{},{},{}
Wattle Creek Energy Hub - Solar,Solar PV - Fixed,Solar - Solar,265.0,Development,,Australia,New South Wales,,,,,,,,,{},{},{},{},,{},{},{},{},{},{},{},{}
Wellington North Solar Farm,Solar PV - Fixed,Solar - Solar,,Development,,Australia,New South Wales,,,,,,,,,{},{},{},{},,{},{},{},{},{},{},{},{}
Wellington North Solar Farm (Lightsource),Solar PV - Single axis tracking,Solar - Solar,436.8,Development,,Australia,New South Wales,2024-01-10,,,,,,,,{},{},{},{},,{},{},{},{},{},{},{},{}
Wellington Solar Farm,Solar PV - Single axis tracking,Solar - Solar,216.08,Operational,,Australia,New South Wales,2023-01-05,,POINT (148.960518 -32.515612),-32.515612,148.960518,,,,{},{},{},{},,{},{},{},{},{},{},{},{}
Wemen Solar Farm,Solar PV - Single axis tracking,Solar - Solar,97.5,Operational,,Australia,Victoria,2019-01-03,,POINT (142.54565369 -34.8026763),-34.8026763,142.5456537,,,,{},{},{},{},,{},{},{},{},{},{},{},{}
West Mokoan Solar Farm,Solar PV - Single axis tracking,Solar - Solar,400.0,Development,,Australia,Victoria,,,,,,,,,{},{},{},{},,{},{},{},{},{},{},{},{}
West Wyalong Solar Farm,Solar PV - Single axis tracking,Solar - Solar,105.27,Operational,,Australia,New South Wales,2022-01-12,,,,,,,,{},{},{},{},,{},{},{},{},{},{},{},{}
Western Downs Green Power Hub P/L,Solar PV - Single axis tracking,Solar - Solar,399.97,Operational,,Australia,Queensland,2023-01-01,,POINT (150.67891 -26.95839),-26.95839,150.67891,,,,{},{},{},{},,{},{},{},{},{},{},{},{}
White Rock Solar Farm,Solar PV - Fixed,Solar - Solar,20.0,Operational,,Australia,New South Wales,,,POINT (151.55354553 -29.76476312),-29.76476312,151.5535455,,,,{},{},{},{},,{},{},{},{},{},{},{},{}
Whitsunday Solar Farm,Solar PV - Single axis tracking,Solar - Solar,57.5,Operational,,Australia,Queensland,,,POINT (147.74806297 -20.49488275),-20.49488275,147.748063,,,,{},{},{},{},,{},{},{},{},{},{},{},{}
Whyalla,Solar PV - Fixed,Solar - Solar,140.0,Development,,Australia,South Australia,,,POINT (148.339616 -23.031527),-23.031527,148.339616,,,,{},{},{},{},,{},{},{},{},{},{},{},{}
Willavale Solar Farm,Solar PV - Fixed,Solar - Solar,50.0,Development,,Australia,New South Wales,,,,,,,,,{},{},{},{},,{},{},{},{},{},{},{},{}
Williamsdale Solar Farm,Solar PV - Single axis tracking,Solar - Solar,6.8,Operational,,Australia,New South Wales,,,,,,,,,{},{},{},{},,{},{},{},{},{},{},{},{}
Willowvale Solar Farm,Solar PV - Fixed,Solar - Solar,200.0,Development,,Australia,Victoria,,,,,,,,,{},{},{},{},,{},{},{},{},{},{},{},{}
Winton Solar Farm,Solar PV - Single axis tracking,Solar - Solar,85.0,Operational,,Australia,Victoria,,,POINT (146.124359 -36.504076),-36.504076,146.124359,,,,{},{},{},{},,{},{},{},{},{},{},{},{}
Wodonga Solar Farm,Solar PV - Single axis tracking,Solar - Solar,76.0,Development,,Australia,Victoria,,,,,,,,,{},{},{},{},,{},{},{},{},{},{},{},{}
Wollar Solar Farm,Solar PV - Single axis tracking,Solar - Solar,280.0,Development,,Australia,New South Wales,2024-01-06,,,,,,,,{},{},{},{},,{},{},{},{},{},{},{},{}
Wooderson Solar Farm,Solar PV - Single axis tracking,Solar - Solar,400.05,Development,,Australia,Queensland,,,,,,,,,{},{},{},{},,{},{},{},{},{},{},{},{}
Woodstock Renewable Energy Hub - Solar,Solar PV - Fixed,Solar - Solar,528.0,Development,,Australia,Queensland,,,,,,,,,{},{},{},{},,{},{},{},{},{},{},{},{}
Woolcock Centre,Solar PV - Fixed,Solar - Solar,0.3,Operational,,Australia,Queensland,,,,,,,,,{},{},{},{},,{},{},{},{},{},{},{},{}
Woolooga Solar Farm,Solar PV - Single axis tracking,Solar - Solar,222.5,Development,,Australia,Queensland,2022-01-09,,,,,,,,{},{},{},{},,{},{},{},{},{},{},{},{}
Wunghnu Solar Farm,Solar PV - Single axis tracking,Solar - Solar,93.5,Development,,Australia,Victoria,2024-01-08,,,,,,,,{},{},{},{},,{},{},{},{},{},{},{},{}
Wyalong Solar Farm,Solar PV - Single axis tracking,Solar - Solar,62.32,Operational,,Australia,New South Wales,2024-01-01,,,,,,,,{},{},{},{},,{},{},{},{},{},{},{},{}
X-Elio - Sixteen Mile SF BESS,Solar PV - Single axis tracking,Solar - Solar,350.0,Development,,Australia,Queensland,,,POINT (150.650392 -26.945539),-26.945539,150.650392,,,,{},{},{},{},,{},{},{},{},{},{},{},{}
Yabulu Solar Farm,Solar PV - Single axis tracking,Solar - Solar,92.4,Development,,Australia,Queensland,2025-01-03,,,,,,,,{},{},{},{},,{},{},{},{},{},{},{},{}
Yalumba Winery Solar system (Angaston),Solar PV - Fixed,Solar - Solar,1.14,Operational,,Australia,South Australia,,,,,,,,,{},{},{},{},,{},{},{},{},{},{},{},{}
Yalumba Winery Solar system (Oxford Landing),Solar PV - Fixed,Solar - Solar,0.2,Operational,,Australia,South Australia,,,,,,,,,{},{},{},{},,{},{},{},{},{},{},{},{}
Yanco Solar Farm,Solar PV - Single axis tracking,Solar - Solar,60.0,Development,,Australia,New South Wales,2026-01-01,,,,,,,,{},{},{},{},,{},{},{},{},{},{},{},{}
Yarrabee Solar Power Project,Solar PV - Single axis tracking,Solar - Solar,584.43,Development,,Australia,New South Wales,2029-01-07,,,,,,,,{},{},{},{},,{},{},{},{},{},{},{},{}
Yarranlea Solar Farm,Solar PV - Single axis tracking,Solar - Solar,102.96,Operational,,Australia,Queensland,2021-01-09,,POINT (151.54123 -27.70637),-27.70637,151.54123,,,,{},{},{},{},,{},{},{},{},{},{},{},{}
Yass Solar Farm,Solar PV - Fixed,Solar - Solar,80.0,Development,,Australia,New South Wales,,,,,,,,,{},{},{},{},,{},{},{},{},{},{},{},{}
Yatpool Solar Farm,Solar PV - Single axis tracking,Solar - Solar,94.0,Operational,,Australia,Victoria,,,POINT (142.1735493 -34.396293),-34.396293,142.1735493,,,,{},{},{},{},,{},{},{},{},{},{},{},{}
Zilzie Winery Solar System,Solar PV - Fixed,Solar - Solar,0.11,Operational,,Australia,Victoria,,,,,,,,,{},{},{},{},,{},{},{},{},{},{},{},{}
